--
-- PostgreSQL database cluster dump
--

SET default_transaction_read_only = off;

SET client_encoding = 'UTF8';
SET standard_conforming_strings = on;

--
-- Drop databases (except postgres and template1)
--

DROP DATABASE binarfud_naomi;




--
-- Drop roles
--

DROP ROLE postgres;


--
-- Roles
--

CREATE ROLE postgres;
ALTER ROLE postgres WITH SUPERUSER INHERIT CREATEROLE CREATEDB LOGIN REPLICATION BYPASSRLS PASSWORD 'SCRAM-SHA-256$4096:l9ayRr1Z+mXOVz67cod09A==$vprOZPEB6m+hmGIS1RIWABDLkfdSwUX5B2weZjUXFuA=:9s8aMQoeB8SWh9nutgjsD+KphvzaV7vYaxBTDfprDR4=';

--
-- User Configurations
--








--
-- Databases
--

--
-- Database "template1" dump
--

--
-- PostgreSQL database dump
--

-- Dumped from database version 16.2 (Debian 16.2-1.pgdg120+2)
-- Dumped by pg_dump version 16.2 (Debian 16.2-1.pgdg120+2)

SET statement_timeout = 0;
SET lock_timeout = 0;
SET idle_in_transaction_session_timeout = 0;
SET client_encoding = 'UTF8';
SET standard_conforming_strings = on;
SELECT pg_catalog.set_config('search_path', '', false);
SET check_function_bodies = false;
SET xmloption = content;
SET client_min_messages = warning;
SET row_security = off;

UPDATE pg_catalog.pg_database SET datistemplate = false WHERE datname = 'template1';
DROP DATABASE template1;
--
-- Name: template1; Type: DATABASE; Schema: -; Owner: postgres
--

CREATE DATABASE template1 WITH TEMPLATE = template0 ENCODING = 'UTF8' LOCALE_PROVIDER = libc LOCALE = 'en_US.utf8';


ALTER DATABASE template1 OWNER TO postgres;

\connect template1

SET statement_timeout = 0;
SET lock_timeout = 0;
SET idle_in_transaction_session_timeout = 0;
SET client_encoding = 'UTF8';
SET standard_conforming_strings = on;
SELECT pg_catalog.set_config('search_path', '', false);
SET check_function_bodies = false;
SET xmloption = content;
SET client_min_messages = warning;
SET row_security = off;

--
-- Name: DATABASE template1; Type: COMMENT; Schema: -; Owner: postgres
--

COMMENT ON DATABASE template1 IS 'default template for new databases';


--
-- Name: template1; Type: DATABASE PROPERTIES; Schema: -; Owner: postgres
--

ALTER DATABASE template1 IS_TEMPLATE = true;


\connect template1

SET statement_timeout = 0;
SET lock_timeout = 0;
SET idle_in_transaction_session_timeout = 0;
SET client_encoding = 'UTF8';
SET standard_conforming_strings = on;
SELECT pg_catalog.set_config('search_path', '', false);
SET check_function_bodies = false;
SET xmloption = content;
SET client_min_messages = warning;
SET row_security = off;

--
-- Name: DATABASE template1; Type: ACL; Schema: -; Owner: postgres
--

REVOKE CONNECT,TEMPORARY ON DATABASE template1 FROM PUBLIC;
GRANT CONNECT ON DATABASE template1 TO PUBLIC;


--
-- PostgreSQL database dump complete
--

--
-- Database "binarfud_naomi" dump
--

--
-- PostgreSQL database dump
--

-- Dumped from database version 16.2 (Debian 16.2-1.pgdg120+2)
-- Dumped by pg_dump version 16.2 (Debian 16.2-1.pgdg120+2)

SET statement_timeout = 0;
SET lock_timeout = 0;
SET idle_in_transaction_session_timeout = 0;
SET client_encoding = 'UTF8';
SET standard_conforming_strings = on;
SELECT pg_catalog.set_config('search_path', '', false);
SET check_function_bodies = false;
SET xmloption = content;
SET client_min_messages = warning;
SET row_security = off;

--
-- Name: binarfud_naomi; Type: DATABASE; Schema: -; Owner: postgres
--

CREATE DATABASE binarfud_naomi WITH TEMPLATE = template0 ENCODING = 'UTF8' LOCALE_PROVIDER = libc LOCALE = 'en_US.utf8';


ALTER DATABASE binarfud_naomi OWNER TO postgres;

\connect binarfud_naomi

SET statement_timeout = 0;
SET lock_timeout = 0;
SET idle_in_transaction_session_timeout = 0;
SET client_encoding = 'UTF8';
SET standard_conforming_strings = on;
SELECT pg_catalog.set_config('search_path', '', false);
SET check_function_bodies = false;
SET xmloption = content;
SET client_min_messages = warning;
SET row_security = off;

--
-- Name: authorize_user(uuid); Type: PROCEDURE; Schema: public; Owner: postgres
--

CREATE PROCEDURE public.authorize_user(IN "ID" uuid)
    LANGUAGE sql
    AS $$
update users set token = gen_random_uuid() where id="ID";
$$;


ALTER PROCEDURE public.authorize_user(IN "ID" uuid) OWNER TO postgres;

--
-- Name: clean_dummy_users(); Type: PROCEDURE; Schema: public; Owner: postgres
--

CREATE PROCEDURE public.clean_dummy_users()
    LANGUAGE sql
    AS $$
delete from users where token is null or email is null;
$$;


ALTER PROCEDURE public.clean_dummy_users() OWNER TO postgres;

--
-- Name: generate_dummny_user(); Type: PROCEDURE; Schema: public; Owner: postgres
--

CREATE PROCEDURE public.generate_dummny_user()
    LANGUAGE sql
    AS $$
insert into users (
	id,
	created_date,
	updated_date,
	deleted_date, 
	email,
	"password",
	"token", 
	"username")
 values (
	gen_random_uuid(),
	now(), 
	null, 
	null, 
	null, 
	'', 
	null, 
	md5(random()::text));
$$;


ALTER PROCEDURE public.generate_dummny_user() OWNER TO postgres;

--
-- Name: generate_dummy_user(); Type: PROCEDURE; Schema: public; Owner: postgres
--

CREATE PROCEDURE public.generate_dummy_user()
    LANGUAGE sql
    AS $$
insert into users (
	id,
	created_date,
	updated_date,
	deleted_date,
	email,
	"password",
	"token",
	"username")
 values (
	gen_random_uuid(),
	now(),
	null,
	null,
	null,
	'',
	null,
	md5(random()::text));
$$;


ALTER PROCEDURE public.generate_dummy_user() OWNER TO postgres;

SET default_tablespace = '';

SET default_table_access_method = heap;

--
-- Name: merchants; Type: TABLE; Schema: public; Owner: postgres
--

CREATE TABLE public.merchants (
    id uuid NOT NULL,
    created_date timestamp(6) without time zone NOT NULL,
    deleted_date timestamp(6) without time zone,
    updated_date timestamp(6) without time zone,
    is_open boolean NOT NULL,
    location character varying(255) NOT NULL,
    name character varying(255) NOT NULL
);


ALTER TABLE public.merchants OWNER TO postgres;

--
-- Name: order_details; Type: TABLE; Schema: public; Owner: postgres
--

CREATE TABLE public.order_details (
    id uuid NOT NULL,
    created_date timestamp(6) without time zone NOT NULL,
    deleted_date timestamp(6) without time zone,
    updated_date timestamp(6) without time zone,
    quantity integer NOT NULL,
    total_price double precision NOT NULL,
    order_id uuid,
    product_id uuid
);


ALTER TABLE public.order_details OWNER TO postgres;

--
-- Name: orders; Type: TABLE; Schema: public; Owner: postgres
--

CREATE TABLE public.orders (
    id uuid NOT NULL,
    created_date timestamp(6) without time zone NOT NULL,
    deleted_date timestamp(6) without time zone,
    updated_date timestamp(6) without time zone,
    completed_at timestamp(6) without time zone,
    destination_address character varying(255),
    order_at timestamp(6) without time zone,
    user_id uuid
);


ALTER TABLE public.orders OWNER TO postgres;

--
-- Name: products; Type: TABLE; Schema: public; Owner: postgres
--

CREATE TABLE public.products (
    id uuid NOT NULL,
    created_date timestamp(6) without time zone NOT NULL,
    deleted_date timestamp(6) without time zone,
    updated_date timestamp(6) without time zone,
    name character varying(255) NOT NULL,
    price double precision NOT NULL,
    merchant_id uuid
);


ALTER TABLE public.products OWNER TO postgres;

--
-- Name: users; Type: TABLE; Schema: public; Owner: postgres
--

CREATE TABLE public.users (
    id uuid NOT NULL,
    created_date timestamp(6) without time zone NOT NULL,
    deleted_date timestamp(6) without time zone,
    updated_date timestamp(6) without time zone,
    email character varying(255),
    password character varying(255),
    token character varying(255),
    username character varying(255) NOT NULL
);


ALTER TABLE public.users OWNER TO postgres;

--
-- Data for Name: merchants; Type: TABLE DATA; Schema: public; Owner: postgres
--

COPY public.merchants (id, created_date, deleted_date, updated_date, is_open, location, name) FROM stdin;
6c347dd8-3db7-4efb-aac6-a9113f2ca2b4	2024-05-05 13:09:32.326	\N	2024-05-05 13:09:32.326	t	aBToCVIxju	Merchant 1
3e7711c8-5bdb-4b18-b3a5-c789aa8f1a94	2024-05-05 13:09:32.33	\N	2024-05-05 13:09:32.33	t	FlfivTaiet	Merchant 2
12c9ad05-8620-4f0e-8b07-ae5565f54f57	2024-05-05 13:09:32.332	\N	2024-05-05 13:09:32.332	t	KdNizJAFDx	Merchant 3
4c5eff86-b9a9-40a5-87fb-beaff3df74d4	2024-05-05 13:09:32.334	\N	2024-05-05 13:09:32.334	t	SaLkSjtKrv	Merchant 4
016b6ec1-d771-42aa-a0be-303428038538	2024-05-05 13:09:32.336	\N	2024-05-05 13:09:32.336	f	bkWkyKjeCQ	Merchant 5
\.


--
-- Data for Name: order_details; Type: TABLE DATA; Schema: public; Owner: postgres
--

COPY public.order_details (id, created_date, deleted_date, updated_date, quantity, total_price, order_id, product_id) FROM stdin;
e250ef8a-e744-4baa-8529-754bad5bf5d3	2024-05-05 13:09:32.588	\N	2024-05-05 13:09:32.588	10	520000	86cdd950-f58d-4aca-9a43-9d294e45a71c	be277426-8bc8-467c-b787-a95d0b42a13a
2507c4ed-40ee-43d7-8383-7322fc9547f0	2024-05-05 13:09:32.592	\N	2024-05-05 13:09:32.592	10	170000	86cdd950-f58d-4aca-9a43-9d294e45a71c	952956b3-4391-48ff-9953-8854b4519611
c2b47158-88b4-4d70-b4fb-242be39a8944	2024-05-05 13:09:32.594	\N	2024-05-05 13:09:32.594	8	680000	86cdd950-f58d-4aca-9a43-9d294e45a71c	ada8b50c-389c-4ff5-a491-8dc1920e8ffe
48a649ed-f451-4c96-9ebd-a8e1535e4d5e	2024-05-05 13:09:32.596	\N	2024-05-05 13:09:32.596	10	940000	86cdd950-f58d-4aca-9a43-9d294e45a71c	996f645c-84d6-482d-97cd-314dfcc0ebe9
4894d557-345c-4ae4-8907-7f6742e3b440	2024-05-05 13:09:32.598	\N	2024-05-05 13:09:32.598	9	45000	86cdd950-f58d-4aca-9a43-9d294e45a71c	8d245bd9-4f4a-49cb-9975-612f8c449e76
ad0b712e-2355-4d24-945a-8f5579bfd1c9	2024-05-05 13:09:32.6	\N	2024-05-05 13:09:32.6	8	688000	86cdd950-f58d-4aca-9a43-9d294e45a71c	cd6a13a7-1f21-4970-a505-99c84be40869
99e0fe7f-99e1-40f7-a05b-cc722bc74020	2024-05-05 13:09:32.602	\N	2024-05-05 13:09:32.602	8	600000	86cdd950-f58d-4aca-9a43-9d294e45a71c	a79e0965-5d77-4717-b153-1cd1978cf926
bc0dfae3-1fb6-47a8-942e-867f8aeb3087	2024-05-05 13:09:32.604	\N	2024-05-05 13:09:32.604	2	14000	86cdd950-f58d-4aca-9a43-9d294e45a71c	1161bb6a-ffee-4f64-8851-73976d01684c
38f0b01a-8a8d-41b7-887b-cd7f83192634	2024-05-05 13:09:32.606	\N	2024-05-05 13:09:32.606	4	268000	86cdd950-f58d-4aca-9a43-9d294e45a71c	cbc0f619-105b-47e2-a67a-4c73236568ee
af3d5193-c841-4de5-9bfc-dc0929b68cf4	2024-05-05 13:09:32.607	\N	2024-05-05 13:09:32.607	7	238000	86cdd950-f58d-4aca-9a43-9d294e45a71c	5de1dd90-53e5-430b-8172-008bfb3b1a44
a28eb714-6756-498e-b0dc-5cd65b0b1f4a	2024-05-05 13:09:32.609	\N	2024-05-05 13:09:32.609	6	396000	86cdd950-f58d-4aca-9a43-9d294e45a71c	27666821-82a6-4aa7-9908-ab0a956f2300
467d9a3d-6c44-4182-bfae-d124c14557b1	2024-05-05 13:09:32.612	\N	2024-05-05 13:09:32.612	4	36000	86cdd950-f58d-4aca-9a43-9d294e45a71c	89fa4638-3b48-461d-9a29-b3667324de9d
04202d27-1824-41d3-adca-9587f34cb1c8	2024-05-05 13:09:32.614	\N	2024-05-05 13:09:32.614	3	234000	86cdd950-f58d-4aca-9a43-9d294e45a71c	57c04724-0fab-4cac-8d2a-600e69de5ebf
59f91cef-febe-459c-95ad-6205df4d8382	2024-05-05 13:09:32.616	\N	2024-05-05 13:09:32.616	10	340000	86cdd950-f58d-4aca-9a43-9d294e45a71c	e44cc9f0-3ed2-476a-a785-69f6af784561
ebd61f89-78c4-4aef-84ee-3549f4c7bffe	2024-05-05 13:09:32.618	\N	2024-05-05 13:09:32.618	4	116000	86cdd950-f58d-4aca-9a43-9d294e45a71c	2b31794c-43cb-4155-a5bc-6b0f412ff7ff
07d3bf1a-9f93-4d69-9699-30306484f3ff	2024-05-05 13:09:32.62	\N	2024-05-05 13:09:32.62	8	544000	86cdd950-f58d-4aca-9a43-9d294e45a71c	2a2b571f-4d01-48c2-a4eb-300feb5a36aa
6deaf794-15d8-45d0-942b-679f2106dab9	2024-05-05 13:09:32.622	\N	2024-05-05 13:09:32.622	2	46000	86cdd950-f58d-4aca-9a43-9d294e45a71c	fc49ae60-7d08-4df6-9213-ac067778aae7
f6659b60-023c-43f3-a9ed-d0c69c701f43	2024-05-05 13:09:32.624	\N	2024-05-05 13:09:32.624	7	637000	86cdd950-f58d-4aca-9a43-9d294e45a71c	258c9f83-3ecb-4c10-931d-a4936e10447c
11023960-feba-45b6-a3d5-e3de1fa4ea77	2024-05-05 13:09:32.632	\N	2024-05-05 13:09:32.632	5	175000	c135d492-ddc8-4b84-b0c5-a0a8df16bc3d	827c1ab7-04fb-410d-960d-1c9084f25ba4
14c5dd24-5e34-4444-8b9d-9909fc612c70	2024-05-05 13:09:32.634	\N	2024-05-05 13:09:32.634	3	285000	c135d492-ddc8-4b84-b0c5-a0a8df16bc3d	0e942dc3-6107-4fe2-888c-58f5ce9258b9
7f83dd5e-78b6-480d-be28-d8f3b510de97	2024-05-05 13:09:32.636	\N	2024-05-05 13:09:32.636	6	192000	c135d492-ddc8-4b84-b0c5-a0a8df16bc3d	4d00d0a1-a840-4bf2-bcd0-980be369467b
e4b8a1e3-68b1-4fb1-b3d0-9167522fb5b9	2024-05-05 13:09:32.638	\N	2024-05-05 13:09:32.638	4	332000	c135d492-ddc8-4b84-b0c5-a0a8df16bc3d	489bdbef-3e8e-40f7-a744-5bc655bd8cd7
04417812-7ad3-47a7-976d-13195efe1a95	2024-05-05 13:09:32.647	\N	2024-05-05 13:09:32.647	5	150000	68f22ac0-a126-40d8-9bfc-0578af78cd8d	5472ef33-a1c3-4ab6-99dc-fa956920f724
975c323d-c1a0-4392-93b1-013573d8d5e0	2024-05-05 13:09:32.649	\N	2024-05-05 13:09:32.649	3	186000	68f22ac0-a126-40d8-9bfc-0578af78cd8d	5444ef4c-48b6-486f-b2c8-51484af12069
611ac48d-8d2a-44ed-adc8-bfec07617dfa	2024-05-05 13:09:32.652	\N	2024-05-05 13:09:32.652	8	688000	68f22ac0-a126-40d8-9bfc-0578af78cd8d	f949bb74-c1bc-48e2-8614-61f974e9d9fc
f6f2f664-dd1f-4bd4-aed2-063cae6f38d8	2024-05-05 13:09:32.654	\N	2024-05-05 13:09:32.654	6	114000	68f22ac0-a126-40d8-9bfc-0578af78cd8d	36cf5c05-4ffe-43c7-972c-b9b200810b7d
8e348f15-721b-4bb5-b526-8ea35345bd8e	2024-05-05 13:09:32.656	\N	2024-05-05 13:09:32.656	3	216000	68f22ac0-a126-40d8-9bfc-0578af78cd8d	e1eef963-5581-4fcf-9d50-dc32bb85c30e
b54ff84d-241d-4e0f-ac83-c3d56716e210	2024-05-05 13:09:32.658	\N	2024-05-05 13:09:32.658	8	744000	68f22ac0-a126-40d8-9bfc-0578af78cd8d	8a49f09f-54fd-4da0-a3c5-abe764d73379
d8f7ae73-941a-48e5-9e08-f27c3d572d1c	2024-05-05 13:09:32.667	\N	2024-05-05 13:09:32.667	8	280000	32e11481-0da2-452a-b2de-bc9a982c671b	827c1ab7-04fb-410d-960d-1c9084f25ba4
951ccb61-b7a7-4247-b18c-c8764859a4cd	2024-05-05 13:09:32.669	\N	2024-05-05 13:09:32.669	6	570000	32e11481-0da2-452a-b2de-bc9a982c671b	0e942dc3-6107-4fe2-888c-58f5ce9258b9
2475303b-33b2-481c-899e-2710322091ce	2024-05-05 13:09:32.677	\N	2024-05-05 13:09:32.677	8	96000	e2f82ca4-61bd-427c-bc0a-78a8ff57187f	465265c7-7e65-4951-837f-159455b32906
de5595d9-3922-4132-afe3-7acb4b14e7a6	2024-05-05 13:09:32.679	\N	2024-05-05 13:09:32.679	9	315000	e2f82ca4-61bd-427c-bc0a-78a8ff57187f	fc47db5c-9685-4598-a846-71d04026210e
6008d181-5c25-4b33-ad59-1046ab44e0d7	2024-05-05 13:09:32.681	\N	2024-05-05 13:09:32.681	10	940000	e2f82ca4-61bd-427c-bc0a-78a8ff57187f	fa22346f-fcdc-42e4-9840-e050137ca5f4
7cbe660b-c869-44eb-b0bc-ab123553fa9b	2024-05-05 13:09:32.692	\N	2024-05-05 13:09:32.692	8	240000	9a43a767-bb07-413e-957c-a285a73f3cdb	5472ef33-a1c3-4ab6-99dc-fa956920f724
dd1ef241-8ade-48f1-804b-78f5dd802104	2024-05-05 13:09:32.694	\N	2024-05-05 13:09:32.694	6	372000	9a43a767-bb07-413e-957c-a285a73f3cdb	5444ef4c-48b6-486f-b2c8-51484af12069
5ac0195d-c174-4100-9310-316d4a681ac5	2024-05-05 13:09:32.696	\N	2024-05-05 13:09:32.696	6	516000	9a43a767-bb07-413e-957c-a285a73f3cdb	f949bb74-c1bc-48e2-8614-61f974e9d9fc
781d6e12-7689-4126-a817-bce773981dc0	2024-05-05 13:09:32.699	\N	2024-05-05 13:09:32.699	4	76000	9a43a767-bb07-413e-957c-a285a73f3cdb	36cf5c05-4ffe-43c7-972c-b9b200810b7d
5b766ed0-65c4-4573-b441-134226a6fb1f	2024-05-05 13:09:32.701	\N	2024-05-05 13:09:32.701	1	72000	9a43a767-bb07-413e-957c-a285a73f3cdb	e1eef963-5581-4fcf-9d50-dc32bb85c30e
f95b88c3-5231-4615-a42b-f2329cee3a08	2024-05-05 13:09:32.709	\N	2024-05-05 13:09:32.709	3	105000	9bfcbbe4-4c32-4374-8c95-0a17bc2a5f70	cce8a1af-1b51-498d-8628-5c1dd246b7a9
784fd4d7-d173-42f7-b516-86cb8b45f57a	2024-05-05 13:09:32.716	\N	2024-05-05 13:09:32.716	3	105000	c4e2875d-4d2e-436e-94ee-8df75adcc4a5	cce8a1af-1b51-498d-8628-5c1dd246b7a9
e0b2e495-3875-4842-80b0-fc7208e7cbc1	2024-05-05 13:09:32.718	\N	2024-05-05 13:09:32.718	3	270000	c4e2875d-4d2e-436e-94ee-8df75adcc4a5	cc43d50d-a1ff-4de0-8d42-565b1eef1112
5809cd38-1cb1-4929-b2b3-d6db1a4b8abe	2024-05-05 13:09:32.72	\N	2024-05-05 13:09:32.72	1	97000	c4e2875d-4d2e-436e-94ee-8df75adcc4a5	a7865505-77d3-47c4-b539-f3f11a1cbcdb
3c5bb9cf-7d70-4d04-be1e-ad170d1d79a4	2024-05-05 13:09:32.722	\N	2024-05-05 13:09:32.722	4	216000	c4e2875d-4d2e-436e-94ee-8df75adcc4a5	7fe07ecb-5ae5-4f8b-93cd-4e12361d1af9
0176c822-28db-430d-9943-58f633108167	2024-05-05 13:09:32.723	\N	2024-05-05 13:09:32.723	4	156000	c4e2875d-4d2e-436e-94ee-8df75adcc4a5	2040124d-610a-4cd4-a8ea-be373dbdad2c
d3626cee-0ffe-4d86-8948-e15f8c49b8ec	2024-05-05 13:09:32.725	\N	2024-05-05 13:09:32.725	2	100000	c4e2875d-4d2e-436e-94ee-8df75adcc4a5	befe927d-cd0b-4969-9b6e-13681b506a5c
10b40408-5d09-494b-8fbd-1f0ac5008496	2024-05-05 13:09:32.726	\N	2024-05-05 13:09:32.726	7	371000	c4e2875d-4d2e-436e-94ee-8df75adcc4a5	7a8778c6-9388-4f86-b1e4-0269dabe6853
05c84647-ecc5-42ec-87ac-f7dd1a7f5866	2024-05-05 13:09:32.728	\N	2024-05-05 13:09:32.728	8	72000	c4e2875d-4d2e-436e-94ee-8df75adcc4a5	65285291-7fde-46d4-afd5-c6acfd7740eb
f5341687-1cea-493a-8ca8-fda736b256d9	2024-05-05 13:09:32.73	\N	2024-05-05 13:09:32.73	5	395000	c4e2875d-4d2e-436e-94ee-8df75adcc4a5	b6aa61a9-8787-4be7-8c52-392f736cea89
d7499665-69ce-4ecb-95af-fb27b6ea081e	2024-05-05 13:09:32.732	\N	2024-05-05 13:09:32.732	4	312000	c4e2875d-4d2e-436e-94ee-8df75adcc4a5	ca1cb637-dcea-41bf-8ee5-bced91475c63
3265c8bc-4a25-4933-b344-3fe7dab6312a	2024-05-05 13:09:32.733	\N	2024-05-05 13:09:32.733	9	594000	c4e2875d-4d2e-436e-94ee-8df75adcc4a5	310859d9-dbf6-43f8-98e1-b60c71ab9597
27a051c5-571f-4f27-a2ae-9425b15bf01a	2024-05-05 13:09:32.735	\N	2024-05-05 13:09:32.735	10	230000	c4e2875d-4d2e-436e-94ee-8df75adcc4a5	b209fee0-f387-4962-b77b-669201962d72
1f9701c5-9af5-476d-95c3-b022fb7e4757	2024-05-05 13:09:32.737	\N	2024-05-05 13:09:32.737	10	250000	c4e2875d-4d2e-436e-94ee-8df75adcc4a5	b29e8c49-2fb2-4300-9158-d80f9ad6df3c
82dd6be2-9886-461c-bafc-dec3fe7d1995	2024-05-05 13:09:32.739	\N	2024-05-05 13:09:32.739	9	585000	c4e2875d-4d2e-436e-94ee-8df75adcc4a5	7db58031-6eee-4160-b63c-f9d9778b19c7
1037d461-e21e-4a20-add6-56dd2dcf534d	2024-05-05 13:09:32.741	\N	2024-05-05 13:09:32.741	10	790000	c4e2875d-4d2e-436e-94ee-8df75adcc4a5	209e376b-7881-497f-9703-8a3261ea0628
b0f04bce-a51b-412c-aa95-d71f408c5156	2024-05-05 13:09:32.742	\N	2024-05-05 13:09:32.742	10	540000	c4e2875d-4d2e-436e-94ee-8df75adcc4a5	7fae4100-835a-4193-bdd3-2187fc37d7b1
f835cf93-e1f9-4704-824e-5c73e6a78aea	2024-05-05 13:09:32.749	\N	2024-05-05 13:09:32.749	6	72000	c2e4ef33-5ab0-4203-8eb5-eeeabf2a5f8d	465265c7-7e65-4951-837f-159455b32906
8abd008f-6d86-4868-8467-bf05c5777bb2	2024-05-05 13:09:32.756	\N	2024-05-05 13:09:32.756	10	520000	6bf28bbf-f396-461b-a3ba-06f4f6e112ad	be277426-8bc8-467c-b787-a95d0b42a13a
adffa043-510b-48dd-836f-b464d73235b4	2024-05-05 13:09:32.769	\N	2024-05-05 13:09:32.769	8	280000	d42a606b-f2b3-42ef-bcff-da6a76e78777	827c1ab7-04fb-410d-960d-1c9084f25ba4
9a5ec00b-f96d-46c6-b06c-1db38295f66b	2024-05-05 13:09:32.771	\N	2024-05-05 13:09:32.771	4	380000	d42a606b-f2b3-42ef-bcff-da6a76e78777	0e942dc3-6107-4fe2-888c-58f5ce9258b9
78d0dc12-d3b3-49b5-aa93-a61968cda33d	2024-05-05 13:09:32.773	\N	2024-05-05 13:09:32.773	10	320000	d42a606b-f2b3-42ef-bcff-da6a76e78777	4d00d0a1-a840-4bf2-bcd0-980be369467b
c9d62aff-94a5-4432-b383-794a46537812	2024-05-05 13:09:32.774	\N	2024-05-05 13:09:32.774	6	498000	d42a606b-f2b3-42ef-bcff-da6a76e78777	489bdbef-3e8e-40f7-a744-5bc655bd8cd7
3676f255-b20a-438e-9399-38f23f7d18f5	2024-05-05 13:09:32.776	\N	2024-05-05 13:09:32.776	1	38000	d42a606b-f2b3-42ef-bcff-da6a76e78777	07e22c42-d164-4c39-86a6-28aa32459aec
4e8e088c-ad89-4b31-966e-95c4f6b9065d	2024-05-05 13:09:32.778	\N	2024-05-05 13:09:32.778	5	85000	d42a606b-f2b3-42ef-bcff-da6a76e78777	dd48b41f-ba84-4fe1-b9e7-c53f505ca5c0
fd73dd0f-28f3-4bf8-b8d5-27d0f9da0406	2024-05-05 13:09:32.78	\N	2024-05-05 13:09:32.78	4	160000	d42a606b-f2b3-42ef-bcff-da6a76e78777	a4cd2967-c039-4dca-900a-233353487ac2
e614e6a7-11f2-4bc0-ab82-45302086a29d	2024-05-05 13:09:32.786	\N	2024-05-05 13:09:32.786	5	175000	73a9f30c-7711-4cd3-b4bc-2ea5130c6259	827c1ab7-04fb-410d-960d-1c9084f25ba4
c96d208f-7ffe-4ae0-9879-93459fa04ca7	2024-05-05 13:09:32.788	\N	2024-05-05 13:09:32.788	1	95000	73a9f30c-7711-4cd3-b4bc-2ea5130c6259	0e942dc3-6107-4fe2-888c-58f5ce9258b9
7c1797a6-18cb-4ef1-9480-9a58038001cc	2024-05-05 13:09:32.79	\N	2024-05-05 13:09:32.79	3	96000	73a9f30c-7711-4cd3-b4bc-2ea5130c6259	4d00d0a1-a840-4bf2-bcd0-980be369467b
983088df-a2b6-413f-9235-02fcfea2605e	2024-05-05 13:09:32.792	\N	2024-05-05 13:09:32.792	1	83000	73a9f30c-7711-4cd3-b4bc-2ea5130c6259	489bdbef-3e8e-40f7-a744-5bc655bd8cd7
0336fe2d-f71e-42db-9ae5-a136662fa799	2024-05-05 13:09:32.794	\N	2024-05-05 13:09:32.794	7	266000	73a9f30c-7711-4cd3-b4bc-2ea5130c6259	07e22c42-d164-4c39-86a6-28aa32459aec
9acf9f8a-9924-462d-8827-3a4a9eeb5328	2024-05-05 13:09:32.801	\N	2024-05-05 13:09:32.801	10	350000	bd7efb67-bf2c-492f-ac26-53e1e49f3f7f	cce8a1af-1b51-498d-8628-5c1dd246b7a9
9a2a85c4-3c61-4ebc-bbbc-c23f4aa13c6e	2024-05-05 13:09:32.803	\N	2024-05-05 13:09:32.803	10	900000	bd7efb67-bf2c-492f-ac26-53e1e49f3f7f	cc43d50d-a1ff-4de0-8d42-565b1eef1112
0c0b0288-2931-40f5-94f7-ff43816bb575	2024-05-05 13:09:32.805	\N	2024-05-05 13:09:32.805	4	388000	bd7efb67-bf2c-492f-ac26-53e1e49f3f7f	a7865505-77d3-47c4-b539-f3f11a1cbcdb
ef5d130b-99e0-4d4b-be69-3e77864438da	2024-05-05 13:09:32.806	\N	2024-05-05 13:09:32.806	1	54000	bd7efb67-bf2c-492f-ac26-53e1e49f3f7f	7fe07ecb-5ae5-4f8b-93cd-4e12361d1af9
11dbd842-af03-4e9b-ad96-8f9fdffd25f7	2024-05-05 13:09:32.808	\N	2024-05-05 13:09:32.808	9	351000	bd7efb67-bf2c-492f-ac26-53e1e49f3f7f	2040124d-610a-4cd4-a8ea-be373dbdad2c
58f8d546-400a-4dba-ba43-99437c49521c	2024-05-05 13:09:32.81	\N	2024-05-05 13:09:32.81	5	250000	bd7efb67-bf2c-492f-ac26-53e1e49f3f7f	befe927d-cd0b-4969-9b6e-13681b506a5c
e2ecfe47-fe04-4088-af7c-fec04f241778	2024-05-05 13:09:32.811	\N	2024-05-05 13:09:32.811	1	53000	bd7efb67-bf2c-492f-ac26-53e1e49f3f7f	7a8778c6-9388-4f86-b1e4-0269dabe6853
5b462145-d183-4860-9be0-b1b1ea4198ea	2024-05-05 13:09:32.826	\N	2024-05-05 13:09:32.826	3	27000	bd7efb67-bf2c-492f-ac26-53e1e49f3f7f	65285291-7fde-46d4-afd5-c6acfd7740eb
d1f11fdb-a88e-4423-8b41-079cec1a2686	2024-05-05 13:09:32.828	\N	2024-05-05 13:09:32.828	8	632000	bd7efb67-bf2c-492f-ac26-53e1e49f3f7f	b6aa61a9-8787-4be7-8c52-392f736cea89
8a610ab6-31d3-4d57-beac-c39c385fd3f2	2024-05-05 13:09:32.847	\N	2024-05-05 13:09:32.847	4	140000	2cd21b86-bf17-461e-b08e-315126af1ea6	827c1ab7-04fb-410d-960d-1c9084f25ba4
b9e8711f-0b61-4814-92fe-c11a72f9e6c6	2024-05-05 13:09:32.848	\N	2024-05-05 13:09:32.848	1	95000	2cd21b86-bf17-461e-b08e-315126af1ea6	0e942dc3-6107-4fe2-888c-58f5ce9258b9
0138733f-1d7f-4f73-9d7f-1696bee7e8fa	2024-05-05 13:09:32.85	\N	2024-05-05 13:09:32.85	9	288000	2cd21b86-bf17-461e-b08e-315126af1ea6	4d00d0a1-a840-4bf2-bcd0-980be369467b
5e0b5443-d7aa-41f7-aecd-ee0f4c9e7e7b	2024-05-05 13:09:32.852	\N	2024-05-05 13:09:32.852	10	830000	2cd21b86-bf17-461e-b08e-315126af1ea6	489bdbef-3e8e-40f7-a744-5bc655bd8cd7
2416d45c-d496-451f-80de-eae6e830f211	2024-05-05 13:09:32.854	\N	2024-05-05 13:09:32.854	3	114000	2cd21b86-bf17-461e-b08e-315126af1ea6	07e22c42-d164-4c39-86a6-28aa32459aec
af34990c-287a-4413-87b9-7fad3e01c4b7	2024-05-05 13:09:32.856	\N	2024-05-05 13:09:32.856	8	136000	2cd21b86-bf17-461e-b08e-315126af1ea6	dd48b41f-ba84-4fe1-b9e7-c53f505ca5c0
274b4733-1eef-4e53-9e1e-8d233e0dcb62	2024-05-05 13:09:32.864	\N	2024-05-05 13:09:32.864	8	280000	1343cc27-8817-4435-914f-dd2dc832af0c	827c1ab7-04fb-410d-960d-1c9084f25ba4
a8042721-e603-4fb3-8248-0dbc453ee645	2024-05-05 13:09:32.866	\N	2024-05-05 13:09:32.866	7	665000	1343cc27-8817-4435-914f-dd2dc832af0c	0e942dc3-6107-4fe2-888c-58f5ce9258b9
d776430e-7006-4992-a5d1-df5861228202	2024-05-05 13:09:32.874	\N	2024-05-05 13:09:32.874	8	416000	ef596328-4aed-4c34-8dc4-b1182d43623a	be277426-8bc8-467c-b787-a95d0b42a13a
1a90f0ec-50d9-4fc1-8f35-2e4f5fec75f9	2024-05-05 13:09:32.876	\N	2024-05-05 13:09:32.876	6	102000	ef596328-4aed-4c34-8dc4-b1182d43623a	952956b3-4391-48ff-9953-8854b4519611
2262a6a0-b02b-46fa-8a05-f2ab1f273c94	2024-05-05 13:09:32.878	\N	2024-05-05 13:09:32.878	8	680000	ef596328-4aed-4c34-8dc4-b1182d43623a	ada8b50c-389c-4ff5-a491-8dc1920e8ffe
c6ea6fe6-c9e4-4ce9-9131-82d9764bedf9	2024-05-05 13:09:32.88	\N	2024-05-05 13:09:32.88	10	940000	ef596328-4aed-4c34-8dc4-b1182d43623a	996f645c-84d6-482d-97cd-314dfcc0ebe9
8198201a-9440-4827-8ec1-b2d85aef5be7	2024-05-05 13:09:32.881	\N	2024-05-05 13:09:32.881	5	25000	ef596328-4aed-4c34-8dc4-b1182d43623a	8d245bd9-4f4a-49cb-9975-612f8c449e76
b8ebee6a-6415-4f2c-8740-cb737ac6de5e	2024-05-05 13:09:32.883	\N	2024-05-05 13:09:32.883	3	258000	ef596328-4aed-4c34-8dc4-b1182d43623a	cd6a13a7-1f21-4970-a505-99c84be40869
e9c6035a-e5c6-4306-9c21-1f3162fd561f	2024-05-05 13:09:32.886	\N	2024-05-05 13:09:32.886	7	525000	ef596328-4aed-4c34-8dc4-b1182d43623a	a79e0965-5d77-4717-b153-1cd1978cf926
b02fa740-a296-4447-bd25-c94022afab67	2024-05-05 13:09:32.888	\N	2024-05-05 13:09:32.888	5	35000	ef596328-4aed-4c34-8dc4-b1182d43623a	1161bb6a-ffee-4f64-8851-73976d01684c
0b8764e3-95ac-49a3-bcf9-f76c0efb6886	2024-05-05 13:09:32.89	\N	2024-05-05 13:09:32.89	10	670000	ef596328-4aed-4c34-8dc4-b1182d43623a	cbc0f619-105b-47e2-a67a-4c73236568ee
7903e7ad-5ec8-4370-89ac-81987723bbec	2024-05-05 13:09:32.892	\N	2024-05-05 13:09:32.892	1	34000	ef596328-4aed-4c34-8dc4-b1182d43623a	5de1dd90-53e5-430b-8172-008bfb3b1a44
6955a6fe-7401-4ea7-b4a2-240d8ed90390	2024-05-05 13:09:32.894	\N	2024-05-05 13:09:32.894	10	660000	ef596328-4aed-4c34-8dc4-b1182d43623a	27666821-82a6-4aa7-9908-ab0a956f2300
18f5e862-4827-4b31-bb34-51e5a84770d6	2024-05-05 13:09:32.896	\N	2024-05-05 13:09:32.896	2	18000	ef596328-4aed-4c34-8dc4-b1182d43623a	89fa4638-3b48-461d-9a29-b3667324de9d
b760d99d-88e7-49d1-a7aa-4cfc381ee7d4	2024-05-05 13:09:32.898	\N	2024-05-05 13:09:32.898	8	624000	ef596328-4aed-4c34-8dc4-b1182d43623a	57c04724-0fab-4cac-8d2a-600e69de5ebf
87920d99-3b04-4ca1-85e9-321615e6c26d	2024-05-05 13:09:32.9	\N	2024-05-05 13:09:32.9	10	340000	ef596328-4aed-4c34-8dc4-b1182d43623a	e44cc9f0-3ed2-476a-a785-69f6af784561
1386bc14-169f-4352-8142-d57c11aa94ca	2024-05-05 13:09:32.902	\N	2024-05-05 13:09:32.902	6	174000	ef596328-4aed-4c34-8dc4-b1182d43623a	2b31794c-43cb-4155-a5bc-6b0f412ff7ff
b252a16b-9733-49d6-8b21-ea9bc798847b	2024-05-05 13:09:32.904	\N	2024-05-05 13:09:32.904	1	68000	ef596328-4aed-4c34-8dc4-b1182d43623a	2a2b571f-4d01-48c2-a4eb-300feb5a36aa
b598cdfa-1d2a-4da9-af7e-00abc791e267	2024-05-05 13:09:32.906	\N	2024-05-05 13:09:32.906	3	69000	ef596328-4aed-4c34-8dc4-b1182d43623a	fc49ae60-7d08-4df6-9213-ac067778aae7
d870258a-ef35-4557-8e83-93da199b38ae	2024-05-05 13:09:32.908	\N	2024-05-05 13:09:32.908	10	910000	ef596328-4aed-4c34-8dc4-b1182d43623a	258c9f83-3ecb-4c10-931d-a4936e10447c
84332341-1628-449f-b3c2-1e6110879b7f	2024-05-05 13:09:32.909	\N	2024-05-05 13:09:32.909	9	144000	ef596328-4aed-4c34-8dc4-b1182d43623a	61c50db0-0bb0-45d7-85a0-fa6d3ce901e1
f7898134-3a57-4921-88a2-e15bc0150445	2024-05-05 13:09:32.916	\N	2024-05-05 13:09:32.916	1	30000	6045ceb8-090a-47c4-a010-28f8b67fb104	5472ef33-a1c3-4ab6-99dc-fa956920f724
fa097ce5-3a4f-47b4-9399-94c1c55ad035	2024-05-05 13:09:32.918	\N	2024-05-05 13:09:32.918	10	620000	6045ceb8-090a-47c4-a010-28f8b67fb104	5444ef4c-48b6-486f-b2c8-51484af12069
6342d952-112e-4cc0-8ecd-5ca2bd9346b3	2024-05-05 13:09:32.92	\N	2024-05-05 13:09:32.92	7	602000	6045ceb8-090a-47c4-a010-28f8b67fb104	f949bb74-c1bc-48e2-8614-61f974e9d9fc
9f0bbf20-0298-4c0d-85b7-dca63a077831	2024-05-05 13:09:32.922	\N	2024-05-05 13:09:32.922	3	57000	6045ceb8-090a-47c4-a010-28f8b67fb104	36cf5c05-4ffe-43c7-972c-b9b200810b7d
29f45386-743b-484b-8bde-826a10ac36b0	2024-05-05 13:09:32.923	\N	2024-05-05 13:09:32.923	2	144000	6045ceb8-090a-47c4-a010-28f8b67fb104	e1eef963-5581-4fcf-9d50-dc32bb85c30e
d8840297-cb11-4503-895e-513ff9131572	2024-05-05 13:09:32.925	\N	2024-05-05 13:09:32.925	6	558000	6045ceb8-090a-47c4-a010-28f8b67fb104	8a49f09f-54fd-4da0-a3c5-abe764d73379
82c7399f-ad31-41ea-b563-fd1d5135f599	2024-05-05 13:09:32.927	\N	2024-05-05 13:09:32.927	4	212000	6045ceb8-090a-47c4-a010-28f8b67fb104	19a41797-c72c-451c-9785-741aac9fa7d1
026e6b77-99a3-4101-8bf0-746114f6487b	2024-05-05 13:09:32.929	\N	2024-05-05 13:09:32.929	5	225000	6045ceb8-090a-47c4-a010-28f8b67fb104	8e741e1b-a0ea-47c7-b023-c07d05a059bc
0b15bce1-8ac2-42bc-bba3-1694fdc14fb1	2024-05-05 13:09:32.931	\N	2024-05-05 13:09:32.931	9	675000	6045ceb8-090a-47c4-a010-28f8b67fb104	c739102b-cdcf-42a3-9ece-a881c7c59da7
08bbb2d6-6c16-434e-80a9-c9c647daa7ef	2024-05-05 13:09:32.932	\N	2024-05-05 13:09:32.932	6	36000	6045ceb8-090a-47c4-a010-28f8b67fb104	298ed806-fe52-4e4d-a204-eee0ee5cdff3
b75ea964-6ced-4fda-983e-0e502ce58b3b	2024-05-05 13:09:32.934	\N	2024-05-05 13:09:32.934	6	498000	6045ceb8-090a-47c4-a010-28f8b67fb104	79b7a9bc-4da4-4ea8-ad1c-23b2c1da6dda
be8f2721-7a6f-494b-bdae-70858139a7d2	2024-05-05 13:09:32.936	\N	2024-05-05 13:09:32.936	5	125000	6045ceb8-090a-47c4-a010-28f8b67fb104	e0ea798b-4742-4356-8963-556844884456
4a9b4516-ee3a-4acb-8439-aaeb977f2d4e	2024-05-05 13:09:32.938	\N	2024-05-05 13:09:32.938	2	146000	6045ceb8-090a-47c4-a010-28f8b67fb104	c72e5106-33b5-432b-891a-8a83a6be8212
5ea4eeef-2283-43b1-9991-94caf8615e30	2024-05-05 13:09:32.94	\N	2024-05-05 13:09:32.94	5	475000	6045ceb8-090a-47c4-a010-28f8b67fb104	79ee0550-3930-4bf3-a74e-ecc389699cb1
17fe2bb6-2b7e-4bb1-9fe9-71f09cb9628b	2024-05-05 13:09:32.942	\N	2024-05-05 13:09:32.942	5	500000	6045ceb8-090a-47c4-a010-28f8b67fb104	b2e98949-b6f4-47f3-91b6-fea146023be0
1885bef0-e0d9-4a1f-ac8f-c968c59890b3	2024-05-05 13:09:32.947	\N	2024-05-05 13:09:32.947	8	280000	87c1956e-57e2-416a-80c1-087d76b6b808	827c1ab7-04fb-410d-960d-1c9084f25ba4
a6939836-98a0-48a5-abc4-81b03066e350	2024-05-05 13:09:32.954	\N	2024-05-05 13:09:32.954	7	245000	140f9c96-d099-4070-9454-8d7ec5eab6fc	cce8a1af-1b51-498d-8628-5c1dd246b7a9
ecb8e580-3f47-4d53-8371-8a8b26a79d3f	2024-05-05 13:09:32.955	\N	2024-05-05 13:09:32.955	9	810000	140f9c96-d099-4070-9454-8d7ec5eab6fc	cc43d50d-a1ff-4de0-8d42-565b1eef1112
cabc91a0-70c9-44ca-87c8-2e33f496f912	2024-05-05 13:09:32.957	\N	2024-05-05 13:09:32.957	9	873000	140f9c96-d099-4070-9454-8d7ec5eab6fc	a7865505-77d3-47c4-b539-f3f11a1cbcdb
f00bd0b4-9029-4b0c-9574-c4cbd1376591	2024-05-05 13:09:32.959	\N	2024-05-05 13:09:32.959	1	54000	140f9c96-d099-4070-9454-8d7ec5eab6fc	7fe07ecb-5ae5-4f8b-93cd-4e12361d1af9
67e5c3b9-9b2e-4191-beda-db60a5f4c1da	2024-05-05 13:09:32.961	\N	2024-05-05 13:09:32.961	10	390000	140f9c96-d099-4070-9454-8d7ec5eab6fc	2040124d-610a-4cd4-a8ea-be373dbdad2c
9033d79d-7ba4-47ad-b065-e59d7d71c192	2024-05-05 13:09:32.962	\N	2024-05-05 13:09:32.962	5	250000	140f9c96-d099-4070-9454-8d7ec5eab6fc	befe927d-cd0b-4969-9b6e-13681b506a5c
af90a8ae-104b-4d92-8f8f-b6204eb3b2e9	2024-05-05 13:09:32.964	\N	2024-05-05 13:09:32.964	5	265000	140f9c96-d099-4070-9454-8d7ec5eab6fc	7a8778c6-9388-4f86-b1e4-0269dabe6853
cb1c6940-f529-4330-8c55-cb5a936fe5b9	2024-05-05 13:09:32.967	\N	2024-05-05 13:09:32.967	7	63000	140f9c96-d099-4070-9454-8d7ec5eab6fc	65285291-7fde-46d4-afd5-c6acfd7740eb
197e7416-41f1-441f-b5f5-c1d9caf92cb5	2024-05-05 13:09:32.975	\N	2024-05-05 13:09:32.975	4	120000	69d14ee0-6138-4fec-92bf-0418dcd074f1	5472ef33-a1c3-4ab6-99dc-fa956920f724
4c1c32fe-f2b7-42f7-8018-49f0f74cc537	2024-05-05 13:09:32.977	\N	2024-05-05 13:09:32.977	7	434000	69d14ee0-6138-4fec-92bf-0418dcd074f1	5444ef4c-48b6-486f-b2c8-51484af12069
ccc856b5-8ad0-4903-a042-941b094a86f6	2024-05-05 13:09:32.979	\N	2024-05-05 13:09:32.979	3	258000	69d14ee0-6138-4fec-92bf-0418dcd074f1	f949bb74-c1bc-48e2-8614-61f974e9d9fc
92e7f777-f165-4250-86fc-745dc460ef55	2024-05-05 13:09:32.98	\N	2024-05-05 13:09:32.98	9	171000	69d14ee0-6138-4fec-92bf-0418dcd074f1	36cf5c05-4ffe-43c7-972c-b9b200810b7d
b7c82623-1069-48c9-b304-37dd392e0454	2024-05-05 13:09:32.982	\N	2024-05-05 13:09:32.982	6	432000	69d14ee0-6138-4fec-92bf-0418dcd074f1	e1eef963-5581-4fcf-9d50-dc32bb85c30e
5e20753d-5f56-494c-8b53-090ef317eceb	2024-05-05 13:09:32.984	\N	2024-05-05 13:09:32.984	10	930000	69d14ee0-6138-4fec-92bf-0418dcd074f1	8a49f09f-54fd-4da0-a3c5-abe764d73379
c78d7d39-b3e7-4de1-83b2-2ad3223f3194	2024-05-05 13:09:32.987	\N	2024-05-05 13:09:32.987	8	424000	69d14ee0-6138-4fec-92bf-0418dcd074f1	19a41797-c72c-451c-9785-741aac9fa7d1
85e6a8cf-1688-418e-8689-155863fb9700	2024-05-05 13:09:32.988	\N	2024-05-05 13:09:32.988	1	45000	69d14ee0-6138-4fec-92bf-0418dcd074f1	8e741e1b-a0ea-47c7-b023-c07d05a059bc
485ffc93-9710-444a-a70e-b3ba9d936068	2024-05-05 13:09:32.99	\N	2024-05-05 13:09:32.99	1	75000	69d14ee0-6138-4fec-92bf-0418dcd074f1	c739102b-cdcf-42a3-9ece-a881c7c59da7
191f60b3-0c57-4095-b52b-8982ec29fc96	2024-05-05 13:09:32.992	\N	2024-05-05 13:09:32.992	7	42000	69d14ee0-6138-4fec-92bf-0418dcd074f1	298ed806-fe52-4e4d-a204-eee0ee5cdff3
45997494-b6f0-4089-a842-ec8117dac47a	2024-05-05 13:09:32.994	\N	2024-05-05 13:09:32.994	4	332000	69d14ee0-6138-4fec-92bf-0418dcd074f1	79b7a9bc-4da4-4ea8-ad1c-23b2c1da6dda
bc18b4db-0bfc-40c9-b14b-1b1905132e4e	2024-05-05 13:09:33	\N	2024-05-05 13:09:33	1	35000	141543c1-6745-4962-b0ac-4888c665c2f5	cce8a1af-1b51-498d-8628-5c1dd246b7a9
1e864cb6-866d-4e1a-ac18-ed5434ed5f97	2024-05-05 13:09:33.001	\N	2024-05-05 13:09:33.001	1	90000	141543c1-6745-4962-b0ac-4888c665c2f5	cc43d50d-a1ff-4de0-8d42-565b1eef1112
250d0a8b-5df1-4544-b13c-a295c3dd0765	2024-05-05 13:09:33.003	\N	2024-05-05 13:09:33.003	3	291000	141543c1-6745-4962-b0ac-4888c665c2f5	a7865505-77d3-47c4-b539-f3f11a1cbcdb
45f3e76c-a85b-4194-8fdc-f65fe29214a5	2024-05-05 13:09:33.004	\N	2024-05-05 13:09:33.004	7	378000	141543c1-6745-4962-b0ac-4888c665c2f5	7fe07ecb-5ae5-4f8b-93cd-4e12361d1af9
647f359b-49fb-419a-9cd2-737d15df4169	2024-05-05 13:09:33.006	\N	2024-05-05 13:09:33.006	9	351000	141543c1-6745-4962-b0ac-4888c665c2f5	2040124d-610a-4cd4-a8ea-be373dbdad2c
878d4f05-9c06-4128-98b1-1e689955aa23	2024-05-05 13:09:33.008	\N	2024-05-05 13:09:33.008	1	50000	141543c1-6745-4962-b0ac-4888c665c2f5	befe927d-cd0b-4969-9b6e-13681b506a5c
77a35bc4-8858-4d1c-a532-3d8cea70f8fd	2024-05-05 13:09:33.01	\N	2024-05-05 13:09:33.01	4	212000	141543c1-6745-4962-b0ac-4888c665c2f5	7a8778c6-9388-4f86-b1e4-0269dabe6853
a6a994f2-72b1-4f2c-b212-7eb4e55fde44	2024-05-05 13:09:33.011	\N	2024-05-05 13:09:33.011	4	36000	141543c1-6745-4962-b0ac-4888c665c2f5	65285291-7fde-46d4-afd5-c6acfd7740eb
3134244f-f1d5-430f-851f-eb8ac0acff30	2024-05-05 13:09:33.013	\N	2024-05-05 13:09:33.013	3	237000	141543c1-6745-4962-b0ac-4888c665c2f5	b6aa61a9-8787-4be7-8c52-392f736cea89
52af937a-3dee-4087-982f-0677710757fb	2024-05-05 13:09:33.019	\N	2024-05-05 13:09:33.019	10	300000	881c4509-8e54-4763-b6bc-ef3a0918d8b6	5472ef33-a1c3-4ab6-99dc-fa956920f724
2c9705be-3cf1-4bb9-909c-8684ea627b61	2024-05-05 13:09:33.02	\N	2024-05-05 13:09:33.02	1	62000	881c4509-8e54-4763-b6bc-ef3a0918d8b6	5444ef4c-48b6-486f-b2c8-51484af12069
a8a2b9e3-3732-4d96-b2b6-87ae189c6815	2024-05-05 13:09:33.022	\N	2024-05-05 13:09:33.022	6	516000	881c4509-8e54-4763-b6bc-ef3a0918d8b6	f949bb74-c1bc-48e2-8614-61f974e9d9fc
86337395-847e-4274-b896-b7f918a427e8	2024-05-05 13:09:33.023	\N	2024-05-05 13:09:33.023	8	152000	881c4509-8e54-4763-b6bc-ef3a0918d8b6	36cf5c05-4ffe-43c7-972c-b9b200810b7d
69b64f7b-67e0-4110-842e-8c36ecd775c3	2024-05-05 13:09:33.025	\N	2024-05-05 13:09:33.025	6	432000	881c4509-8e54-4763-b6bc-ef3a0918d8b6	e1eef963-5581-4fcf-9d50-dc32bb85c30e
935e6cc5-dadf-424d-b988-d3ed6ca7c276	2024-05-05 13:09:33.026	\N	2024-05-05 13:09:33.026	10	930000	881c4509-8e54-4763-b6bc-ef3a0918d8b6	8a49f09f-54fd-4da0-a3c5-abe764d73379
9298cf3c-948a-414a-8b34-c3e6cf628970	2024-05-05 13:09:33.032	\N	2024-05-05 13:09:33.032	9	270000	c2de0a9f-f266-4508-aaf5-ba4059d79a88	5472ef33-a1c3-4ab6-99dc-fa956920f724
8179ae06-7ec8-4dbd-88bb-005152ba71fc	2024-05-05 13:09:33.034	\N	2024-05-05 13:09:33.034	7	434000	c2de0a9f-f266-4508-aaf5-ba4059d79a88	5444ef4c-48b6-486f-b2c8-51484af12069
6a813c0e-eb55-4f43-8eeb-4eec11249396	2024-05-05 13:09:33.035	\N	2024-05-05 13:09:33.035	7	602000	c2de0a9f-f266-4508-aaf5-ba4059d79a88	f949bb74-c1bc-48e2-8614-61f974e9d9fc
6bb0b1a5-4629-4b45-b766-ddafe8970f22	2024-05-05 13:09:33.037	\N	2024-05-05 13:09:33.037	5	95000	c2de0a9f-f266-4508-aaf5-ba4059d79a88	36cf5c05-4ffe-43c7-972c-b9b200810b7d
d5fff1b7-bcb1-433c-92e1-e262d71789eb	2024-05-05 13:09:33.038	\N	2024-05-05 13:09:33.038	8	576000	c2de0a9f-f266-4508-aaf5-ba4059d79a88	e1eef963-5581-4fcf-9d50-dc32bb85c30e
dee277ec-0f1f-48ed-bd89-f2d946a9a0ce	2024-05-05 13:09:33.039	\N	2024-05-05 13:09:33.039	7	651000	c2de0a9f-f266-4508-aaf5-ba4059d79a88	8a49f09f-54fd-4da0-a3c5-abe764d73379
152ec728-c984-4e38-b5e7-c409c490d10f	2024-05-05 13:09:33.041	\N	2024-05-05 13:09:33.041	3	159000	c2de0a9f-f266-4508-aaf5-ba4059d79a88	19a41797-c72c-451c-9785-741aac9fa7d1
128ee9af-1991-4843-9c53-a7ed97c2fa4c	2024-05-05 13:09:33.042	\N	2024-05-05 13:09:33.042	1	45000	c2de0a9f-f266-4508-aaf5-ba4059d79a88	8e741e1b-a0ea-47c7-b023-c07d05a059bc
8085b672-cf94-4f00-aed9-c77a05c0fc55	2024-05-05 13:09:33.044	\N	2024-05-05 13:09:33.044	7	525000	c2de0a9f-f266-4508-aaf5-ba4059d79a88	c739102b-cdcf-42a3-9ece-a881c7c59da7
29cc38a3-51d1-4c42-86ee-21996541494f	2024-05-05 13:09:33.045	\N	2024-05-05 13:09:33.045	3	18000	c2de0a9f-f266-4508-aaf5-ba4059d79a88	298ed806-fe52-4e4d-a204-eee0ee5cdff3
3e0f91c5-ec9b-4b14-b5de-4fb21c56bad3	2024-05-05 13:09:33.051	\N	2024-05-05 13:09:33.051	10	520000	d1679f48-4dc3-4932-9b08-6dce7b30a921	be277426-8bc8-467c-b787-a95d0b42a13a
1dbb186b-5543-4091-96bd-9a5ceb8d4d64	2024-05-05 13:09:33.053	\N	2024-05-05 13:09:33.053	2	34000	d1679f48-4dc3-4932-9b08-6dce7b30a921	952956b3-4391-48ff-9953-8854b4519611
b8edbdf1-0caf-4e3b-b02c-76397026cc6a	2024-05-05 13:09:33.054	\N	2024-05-05 13:09:33.054	4	340000	d1679f48-4dc3-4932-9b08-6dce7b30a921	ada8b50c-389c-4ff5-a491-8dc1920e8ffe
121f232a-bd75-422a-81b4-221a194c0fa1	2024-05-05 13:09:33.061	\N	2024-05-05 13:09:33.061	5	175000	b6091648-85a0-4c93-b824-b79b7724790a	cce8a1af-1b51-498d-8628-5c1dd246b7a9
8a86bbf5-4bc5-4f76-8873-3c79d22fb1ea	2024-05-05 13:09:33.063	\N	2024-05-05 13:09:33.063	2	180000	b6091648-85a0-4c93-b824-b79b7724790a	cc43d50d-a1ff-4de0-8d42-565b1eef1112
58795312-6aec-48d0-980d-947e7fb2865c	2024-05-05 13:09:33.065	\N	2024-05-05 13:09:33.065	10	970000	b6091648-85a0-4c93-b824-b79b7724790a	a7865505-77d3-47c4-b539-f3f11a1cbcdb
3d565c63-dcb9-4a62-8894-49ff32eda718	2024-05-05 13:09:33.066	\N	2024-05-05 13:09:33.066	6	324000	b6091648-85a0-4c93-b824-b79b7724790a	7fe07ecb-5ae5-4f8b-93cd-4e12361d1af9
ac229316-0dca-4f5b-81d7-966358ea1077	2024-05-05 13:09:33.068	\N	2024-05-05 13:09:33.068	5	195000	b6091648-85a0-4c93-b824-b79b7724790a	2040124d-610a-4cd4-a8ea-be373dbdad2c
789ac5aa-9dd6-4f01-afdc-18763b9ee9ac	2024-05-05 13:09:33.07	\N	2024-05-05 13:09:33.07	3	150000	b6091648-85a0-4c93-b824-b79b7724790a	befe927d-cd0b-4969-9b6e-13681b506a5c
917a8b8a-934c-43fe-ba57-0989d93fe55c	2024-05-05 13:09:33.071	\N	2024-05-05 13:09:33.071	1	53000	b6091648-85a0-4c93-b824-b79b7724790a	7a8778c6-9388-4f86-b1e4-0269dabe6853
35278ce0-6061-439d-b153-c2d53c9800fd	2024-05-05 13:09:33.078	\N	2024-05-05 13:09:33.078	8	240000	45909f82-c439-4bb4-9c05-f217bbb8fa13	5472ef33-a1c3-4ab6-99dc-fa956920f724
56e10e9f-37c0-4bc2-9bc9-72d1cb4f2561	2024-05-05 13:09:33.079	\N	2024-05-05 13:09:33.079	10	620000	45909f82-c439-4bb4-9c05-f217bbb8fa13	5444ef4c-48b6-486f-b2c8-51484af12069
a895968d-e3c4-4474-ae60-df1c1d134118	2024-05-05 13:09:33.081	\N	2024-05-05 13:09:33.081	4	344000	45909f82-c439-4bb4-9c05-f217bbb8fa13	f949bb74-c1bc-48e2-8614-61f974e9d9fc
e0f95ba3-68c8-417b-874d-e1ccbf90cfd1	2024-05-05 13:09:33.083	\N	2024-05-05 13:09:33.083	7	133000	45909f82-c439-4bb4-9c05-f217bbb8fa13	36cf5c05-4ffe-43c7-972c-b9b200810b7d
b47779f9-5f33-435c-8289-17b78e24f745	2024-05-05 13:09:33.084	\N	2024-05-05 13:09:33.084	2	144000	45909f82-c439-4bb4-9c05-f217bbb8fa13	e1eef963-5581-4fcf-9d50-dc32bb85c30e
4b585c44-52b1-4294-88a6-627744ff6055	2024-05-05 13:09:33.086	\N	2024-05-05 13:09:33.086	10	930000	45909f82-c439-4bb4-9c05-f217bbb8fa13	8a49f09f-54fd-4da0-a3c5-abe764d73379
d6e05685-e530-42f0-9b3a-d9c8f9922925	2024-05-05 13:09:33.087	\N	2024-05-05 13:09:33.087	9	477000	45909f82-c439-4bb4-9c05-f217bbb8fa13	19a41797-c72c-451c-9785-741aac9fa7d1
c05ff534-118a-4d03-893b-73eb29c8e14d	2024-05-05 13:09:33.089	\N	2024-05-05 13:09:33.089	3	135000	45909f82-c439-4bb4-9c05-f217bbb8fa13	8e741e1b-a0ea-47c7-b023-c07d05a059bc
e61afe5e-5dc6-4134-b074-f00e50ab5c76	2024-05-05 13:09:33.091	\N	2024-05-05 13:09:33.091	10	750000	45909f82-c439-4bb4-9c05-f217bbb8fa13	c739102b-cdcf-42a3-9ece-a881c7c59da7
21285f1f-36f3-4a0d-88cd-239a0a3c55f7	2024-05-05 13:09:33.092	\N	2024-05-05 13:09:33.092	8	48000	45909f82-c439-4bb4-9c05-f217bbb8fa13	298ed806-fe52-4e4d-a204-eee0ee5cdff3
111ea5b0-e574-4ce6-8e8c-4208ce927680	2024-05-05 13:09:33.094	\N	2024-05-05 13:09:33.094	3	249000	45909f82-c439-4bb4-9c05-f217bbb8fa13	79b7a9bc-4da4-4ea8-ad1c-23b2c1da6dda
8bd67eb4-5c25-4eb8-887e-3f759c66dbc3	2024-05-05 13:09:33.095	\N	2024-05-05 13:09:33.095	6	150000	45909f82-c439-4bb4-9c05-f217bbb8fa13	e0ea798b-4742-4356-8963-556844884456
989ddff6-8d2f-4f83-8637-3b2e6688ecee	2024-05-05 13:09:33.097	\N	2024-05-05 13:09:33.097	10	730000	45909f82-c439-4bb4-9c05-f217bbb8fa13	c72e5106-33b5-432b-891a-8a83a6be8212
e20b5691-ea7b-4e80-b73e-baaa207f91c1	2024-05-05 13:09:33.103	\N	2024-05-05 13:09:33.103	5	175000	97b5f130-6465-4de6-a782-4f282d1ce3f7	827c1ab7-04fb-410d-960d-1c9084f25ba4
af2b9e5c-729d-4a8c-9e18-9dd5e50018ce	2024-05-05 13:09:33.105	\N	2024-05-05 13:09:33.105	5	475000	97b5f130-6465-4de6-a782-4f282d1ce3f7	0e942dc3-6107-4fe2-888c-58f5ce9258b9
437cbfbe-bab9-4fd9-af30-15f340c08492	2024-05-05 13:09:33.107	\N	2024-05-05 13:09:33.107	9	288000	97b5f130-6465-4de6-a782-4f282d1ce3f7	4d00d0a1-a840-4bf2-bcd0-980be369467b
0c08599f-6663-48d1-b09d-7ff88e8025be	2024-05-05 13:09:33.108	\N	2024-05-05 13:09:33.108	10	830000	97b5f130-6465-4de6-a782-4f282d1ce3f7	489bdbef-3e8e-40f7-a744-5bc655bd8cd7
7e1ef523-13a5-4563-94b1-3d986b93696e	2024-05-05 13:09:33.111	\N	2024-05-05 13:09:33.111	10	380000	97b5f130-6465-4de6-a782-4f282d1ce3f7	07e22c42-d164-4c39-86a6-28aa32459aec
05030273-8195-4f42-ace9-713af997b9bb	2024-05-05 13:09:33.113	\N	2024-05-05 13:09:33.113	10	170000	97b5f130-6465-4de6-a782-4f282d1ce3f7	dd48b41f-ba84-4fe1-b9e7-c53f505ca5c0
c758df2d-539a-4e23-9607-96f420d7681d	2024-05-05 13:09:33.183	\N	2024-05-05 13:09:33.183	6	240000	97b5f130-6465-4de6-a782-4f282d1ce3f7	a4cd2967-c039-4dca-900a-233353487ac2
8bbfa559-db84-4651-b3bb-bd69344cce64	2024-05-05 13:09:33.186	\N	2024-05-05 13:09:33.186	2	144000	97b5f130-6465-4de6-a782-4f282d1ce3f7	bc371a9b-c5bf-4c2b-96db-9b11a2ef5553
ca57e99f-b31e-4f29-9ce2-32f46b240044	2024-05-05 13:09:33.188	\N	2024-05-05 13:09:33.188	9	414000	97b5f130-6465-4de6-a782-4f282d1ce3f7	25b1dead-7d0e-42fe-a629-f823d774b22e
10559b58-cae1-4432-916b-7306e0f1f457	2024-05-05 13:09:33.197	\N	2024-05-05 13:09:33.197	7	84000	385945fb-a7e4-45b2-8f02-35b274b89a4e	465265c7-7e65-4951-837f-159455b32906
17a5036b-40f0-460e-b7c4-3553f04be6c5	2024-05-05 13:09:33.2	\N	2024-05-05 13:09:33.2	6	210000	385945fb-a7e4-45b2-8f02-35b274b89a4e	fc47db5c-9685-4598-a846-71d04026210e
c183e233-3fbc-44d9-8dc5-043e38f622f0	2024-05-05 13:09:33.207	\N	2024-05-05 13:09:33.207	9	108000	6ed597a3-7ffc-4f04-9a11-8b4c3c5bf128	465265c7-7e65-4951-837f-159455b32906
5f158699-4848-43cd-98f0-cde996ff418a	2024-05-05 13:09:33.215	\N	2024-05-05 13:09:33.215	8	280000	4b9b5344-4713-4adb-91de-304487dae898	cce8a1af-1b51-498d-8628-5c1dd246b7a9
1bc5f008-e6dd-4073-b38a-73d659c70b27	2024-05-05 13:09:33.217	\N	2024-05-05 13:09:33.217	8	720000	4b9b5344-4713-4adb-91de-304487dae898	cc43d50d-a1ff-4de0-8d42-565b1eef1112
f175e1a4-17d1-4720-b238-96962adef079	2024-05-05 13:09:33.219	\N	2024-05-05 13:09:33.219	8	776000	4b9b5344-4713-4adb-91de-304487dae898	a7865505-77d3-47c4-b539-f3f11a1cbcdb
4b9870ba-30bf-4b6e-89d0-80f7e6ef7fc2	2024-05-05 13:09:33.221	\N	2024-05-05 13:09:33.221	5	270000	4b9b5344-4713-4adb-91de-304487dae898	7fe07ecb-5ae5-4f8b-93cd-4e12361d1af9
59ee330d-7b83-40a2-9043-526f2723824e	2024-05-05 13:09:33.223	\N	2024-05-05 13:09:33.223	2	78000	4b9b5344-4713-4adb-91de-304487dae898	2040124d-610a-4cd4-a8ea-be373dbdad2c
74070a02-a769-4387-a648-eabc714337e2	2024-05-05 13:09:33.225	\N	2024-05-05 13:09:33.225	3	150000	4b9b5344-4713-4adb-91de-304487dae898	befe927d-cd0b-4969-9b6e-13681b506a5c
bb1ee864-2aa9-45bc-b5af-3fb31ef49ee6	2024-05-05 13:09:33.227	\N	2024-05-05 13:09:33.227	3	159000	4b9b5344-4713-4adb-91de-304487dae898	7a8778c6-9388-4f86-b1e4-0269dabe6853
64899717-23cf-4e2f-a4d7-85529b2c19a0	2024-05-05 13:09:33.229	\N	2024-05-05 13:09:33.229	5	45000	4b9b5344-4713-4adb-91de-304487dae898	65285291-7fde-46d4-afd5-c6acfd7740eb
e8f0958d-16a7-4164-a450-bad08aa4c1a2	2024-05-05 13:09:33.231	\N	2024-05-05 13:09:33.231	5	395000	4b9b5344-4713-4adb-91de-304487dae898	b6aa61a9-8787-4be7-8c52-392f736cea89
b3efc182-da39-4a92-b6d1-6c88ab6264b0	2024-05-05 13:09:33.232	\N	2024-05-05 13:09:33.232	10	780000	4b9b5344-4713-4adb-91de-304487dae898	ca1cb637-dcea-41bf-8ee5-bced91475c63
9cc97e4b-04cf-4eb3-b2eb-8e13a6d3ced6	2024-05-05 13:09:33.234	\N	2024-05-05 13:09:33.234	3	198000	4b9b5344-4713-4adb-91de-304487dae898	310859d9-dbf6-43f8-98e1-b60c71ab9597
18f07343-5c1d-4c14-b07e-d5ccc19064e5	2024-05-05 13:09:33.24	\N	2024-05-05 13:09:33.24	7	245000	ed2fe77f-5f93-409c-ac6a-8c575988e8de	827c1ab7-04fb-410d-960d-1c9084f25ba4
6f34050c-f233-4997-b868-bdf929021016	2024-05-05 13:09:33.246	\N	2024-05-05 13:09:33.246	2	104000	30cd249d-cbe1-4c24-a3e9-f372230ff931	be277426-8bc8-467c-b787-a95d0b42a13a
94f2c1c5-efe2-4311-b7ca-9eb077849089	2024-05-05 13:09:33.248	\N	2024-05-05 13:09:33.248	9	153000	30cd249d-cbe1-4c24-a3e9-f372230ff931	952956b3-4391-48ff-9953-8854b4519611
f329ae40-7914-4fea-9b30-0ad24b9ce4e4	2024-05-05 13:09:33.25	\N	2024-05-05 13:09:33.25	7	595000	30cd249d-cbe1-4c24-a3e9-f372230ff931	ada8b50c-389c-4ff5-a491-8dc1920e8ffe
8dc327eb-72a2-43a4-b900-59f59d56af64	2024-05-05 13:09:33.251	\N	2024-05-05 13:09:33.251	9	846000	30cd249d-cbe1-4c24-a3e9-f372230ff931	996f645c-84d6-482d-97cd-314dfcc0ebe9
25068c38-4ef8-4c14-8fb0-6c6f5531f594	2024-05-05 13:09:33.253	\N	2024-05-05 13:09:33.253	10	50000	30cd249d-cbe1-4c24-a3e9-f372230ff931	8d245bd9-4f4a-49cb-9975-612f8c449e76
d4678125-d139-4ddf-8e11-4e4d7e8c6ab5	2024-05-05 13:09:33.255	\N	2024-05-05 13:09:33.255	7	602000	30cd249d-cbe1-4c24-a3e9-f372230ff931	cd6a13a7-1f21-4970-a505-99c84be40869
d8dcc925-0406-4d73-80ee-2b22bcfac295	2024-05-05 13:09:33.257	\N	2024-05-05 13:09:33.257	8	600000	30cd249d-cbe1-4c24-a3e9-f372230ff931	a79e0965-5d77-4717-b153-1cd1978cf926
9b30b245-08ab-4b8b-91b5-d4bf75696d3f	2024-05-05 13:09:33.259	\N	2024-05-05 13:09:33.259	9	63000	30cd249d-cbe1-4c24-a3e9-f372230ff931	1161bb6a-ffee-4f64-8851-73976d01684c
729c1391-d6e4-4fe7-bbbe-6f9d50d6a2d7	2024-05-05 13:09:33.26	\N	2024-05-05 13:09:33.26	2	134000	30cd249d-cbe1-4c24-a3e9-f372230ff931	cbc0f619-105b-47e2-a67a-4c73236568ee
1d014c63-b367-4b37-976a-90be6a3d7157	2024-05-05 13:09:33.263	\N	2024-05-05 13:09:33.263	10	340000	30cd249d-cbe1-4c24-a3e9-f372230ff931	5de1dd90-53e5-430b-8172-008bfb3b1a44
9f2d735b-57be-4ba4-93a1-01475bd104f2	2024-05-05 13:09:33.265	\N	2024-05-05 13:09:33.265	7	462000	30cd249d-cbe1-4c24-a3e9-f372230ff931	27666821-82a6-4aa7-9908-ab0a956f2300
7d9ee5b9-2d80-4685-807c-7bd8d754921d	2024-05-05 13:09:33.266	\N	2024-05-05 13:09:33.266	10	90000	30cd249d-cbe1-4c24-a3e9-f372230ff931	89fa4638-3b48-461d-9a29-b3667324de9d
7286ef17-ead3-4468-8337-ccfdaf37b285	2024-05-05 13:09:33.268	\N	2024-05-05 13:09:33.268	4	312000	30cd249d-cbe1-4c24-a3e9-f372230ff931	57c04724-0fab-4cac-8d2a-600e69de5ebf
9d5828ff-c10b-4378-b937-1594c63348ad	2024-05-05 13:09:33.27	\N	2024-05-05 13:09:33.27	5	170000	30cd249d-cbe1-4c24-a3e9-f372230ff931	e44cc9f0-3ed2-476a-a785-69f6af784561
889d59e6-1111-4b52-872b-891a909f78d9	2024-05-05 13:09:33.272	\N	2024-05-05 13:09:33.272	6	174000	30cd249d-cbe1-4c24-a3e9-f372230ff931	2b31794c-43cb-4155-a5bc-6b0f412ff7ff
dfe1802e-d649-4c06-b533-b6ee0394753d	2024-05-05 13:09:33.278	\N	2024-05-05 13:09:33.278	10	350000	53d4b997-1cd0-4dbf-a91d-ba1c63f08c33	cce8a1af-1b51-498d-8628-5c1dd246b7a9
3f5493bb-1db1-493c-8c07-326c75ff5cce	2024-05-05 13:09:33.28	\N	2024-05-05 13:09:33.28	2	180000	53d4b997-1cd0-4dbf-a91d-ba1c63f08c33	cc43d50d-a1ff-4de0-8d42-565b1eef1112
9ad14448-6324-4677-92a5-ce9b100c3c31	2024-05-05 13:09:33.281	\N	2024-05-05 13:09:33.281	4	388000	53d4b997-1cd0-4dbf-a91d-ba1c63f08c33	a7865505-77d3-47c4-b539-f3f11a1cbcdb
2c4d6eb8-b511-40f8-be48-f2089c90015f	2024-05-05 13:09:33.283	\N	2024-05-05 13:09:33.283	1	54000	53d4b997-1cd0-4dbf-a91d-ba1c63f08c33	7fe07ecb-5ae5-4f8b-93cd-4e12361d1af9
a33bfe6c-23f6-4231-a6a6-2de6a094b725	2024-05-05 13:09:33.284	\N	2024-05-05 13:09:33.284	7	273000	53d4b997-1cd0-4dbf-a91d-ba1c63f08c33	2040124d-610a-4cd4-a8ea-be373dbdad2c
65990ae6-9df5-4403-868c-e5c1f87b53af	2024-05-05 13:09:33.286	\N	2024-05-05 13:09:33.286	6	300000	53d4b997-1cd0-4dbf-a91d-ba1c63f08c33	befe927d-cd0b-4969-9b6e-13681b506a5c
ac444e6c-6b95-40d8-a4ab-2b517c939933	2024-05-05 13:09:33.288	\N	2024-05-05 13:09:33.288	3	159000	53d4b997-1cd0-4dbf-a91d-ba1c63f08c33	7a8778c6-9388-4f86-b1e4-0269dabe6853
709ace6f-d933-4531-b5cf-3b592a30339b	2024-05-05 13:09:33.289	\N	2024-05-05 13:09:33.289	5	45000	53d4b997-1cd0-4dbf-a91d-ba1c63f08c33	65285291-7fde-46d4-afd5-c6acfd7740eb
2c5a6642-5b3e-4311-a58e-f37d84f75303	2024-05-05 13:09:33.291	\N	2024-05-05 13:09:33.291	3	237000	53d4b997-1cd0-4dbf-a91d-ba1c63f08c33	b6aa61a9-8787-4be7-8c52-392f736cea89
4f213bf1-8a5c-44d5-8fd4-de6b10f6a03b	2024-05-05 13:09:33.292	\N	2024-05-05 13:09:33.292	7	546000	53d4b997-1cd0-4dbf-a91d-ba1c63f08c33	ca1cb637-dcea-41bf-8ee5-bced91475c63
559366ca-4037-4f03-ba01-12edf4f3404e	2024-05-05 13:09:33.294	\N	2024-05-05 13:09:33.294	4	264000	53d4b997-1cd0-4dbf-a91d-ba1c63f08c33	310859d9-dbf6-43f8-98e1-b60c71ab9597
d2c30edb-ddcf-47a3-8c27-ae31e757447b	2024-05-05 13:09:33.295	\N	2024-05-05 13:09:33.295	3	69000	53d4b997-1cd0-4dbf-a91d-ba1c63f08c33	b209fee0-f387-4962-b77b-669201962d72
eccde040-51a6-4df0-86f6-aaeea24edba0	2024-05-05 13:09:33.296	\N	2024-05-05 13:09:33.296	9	225000	53d4b997-1cd0-4dbf-a91d-ba1c63f08c33	b29e8c49-2fb2-4300-9158-d80f9ad6df3c
15fe7b99-f16b-412a-a27e-cf9c7d0f71c8	2024-05-05 13:09:33.298	\N	2024-05-05 13:09:33.298	4	260000	53d4b997-1cd0-4dbf-a91d-ba1c63f08c33	7db58031-6eee-4160-b63c-f9d9778b19c7
1dc5e748-5801-4153-8472-3976f025697c	2024-05-05 13:09:33.299	\N	2024-05-05 13:09:33.299	5	395000	53d4b997-1cd0-4dbf-a91d-ba1c63f08c33	209e376b-7881-497f-9703-8a3261ea0628
6a2a11fb-86ae-4651-9f42-f4b45d5dcd6c	2024-05-05 13:09:33.301	\N	2024-05-05 13:09:33.301	7	378000	53d4b997-1cd0-4dbf-a91d-ba1c63f08c33	7fae4100-835a-4193-bdd3-2187fc37d7b1
cb60e3b1-98b5-4809-bdab-93603bfaa65e	2024-05-05 13:09:33.307	\N	2024-05-05 13:09:33.307	5	60000	e16e3d69-e0a2-4f50-97eb-e7f7abc89728	465265c7-7e65-4951-837f-159455b32906
bf2af42b-54d9-498b-bc6c-f22fe5d1757c	2024-05-05 13:09:33.308	\N	2024-05-05 13:09:33.308	7	245000	e16e3d69-e0a2-4f50-97eb-e7f7abc89728	fc47db5c-9685-4598-a846-71d04026210e
7e8f256e-15ac-41e4-be95-31aeb3a4c429	2024-05-05 13:09:33.31	\N	2024-05-05 13:09:33.31	10	940000	e16e3d69-e0a2-4f50-97eb-e7f7abc89728	fa22346f-fcdc-42e4-9840-e050137ca5f4
977dee70-4bdb-450d-bfc4-a9c60d46edae	2024-05-05 13:09:33.311	\N	2024-05-05 13:09:33.311	7	427000	e16e3d69-e0a2-4f50-97eb-e7f7abc89728	b97a1722-3f01-46d1-b103-82d4bc622b90
651fcc73-48ca-44d2-95fa-ca7c9380cf9a	2024-05-05 13:09:33.312	\N	2024-05-05 13:09:33.312	2	138000	e16e3d69-e0a2-4f50-97eb-e7f7abc89728	b0a4fff2-761f-4abf-b840-17b53be4d5d9
9f029138-1f44-4759-9db2-484bd6550c1f	2024-05-05 13:09:33.319	\N	2024-05-05 13:09:33.319	8	416000	f4af2876-a978-43d0-afc1-e2b0b99e6683	be277426-8bc8-467c-b787-a95d0b42a13a
8e7d2d58-eb0e-4f52-8455-9eadb0dd56a6	2024-05-05 13:09:33.32	\N	2024-05-05 13:09:33.32	1	17000	f4af2876-a978-43d0-afc1-e2b0b99e6683	952956b3-4391-48ff-9953-8854b4519611
77a501a2-6172-42a5-9675-f0414b506ccc	2024-05-05 13:09:33.322	\N	2024-05-05 13:09:33.322	1	85000	f4af2876-a978-43d0-afc1-e2b0b99e6683	ada8b50c-389c-4ff5-a491-8dc1920e8ffe
ddabe3c5-19b9-403b-aef3-d2e148f2a59f	2024-05-05 13:09:33.323	\N	2024-05-05 13:09:33.323	9	846000	f4af2876-a978-43d0-afc1-e2b0b99e6683	996f645c-84d6-482d-97cd-314dfcc0ebe9
f63063aa-2b4b-4b5b-b25e-ec29a843f2a5	2024-05-05 13:09:33.329	\N	2024-05-05 13:09:33.329	6	72000	ef29dd43-897f-4301-9f4a-d096f65be969	465265c7-7e65-4951-837f-159455b32906
55746145-3437-4d5d-9956-fec8e44e6e53	2024-05-05 13:09:33.331	\N	2024-05-05 13:09:33.331	1	35000	ef29dd43-897f-4301-9f4a-d096f65be969	fc47db5c-9685-4598-a846-71d04026210e
7d16df94-70f5-41b3-8699-27479cd00a08	2024-05-05 13:09:33.332	\N	2024-05-05 13:09:33.332	7	658000	ef29dd43-897f-4301-9f4a-d096f65be969	fa22346f-fcdc-42e4-9840-e050137ca5f4
3e8ca536-1e67-473e-9716-9e87d3217850	2024-05-05 13:09:33.334	\N	2024-05-05 13:09:33.334	5	305000	ef29dd43-897f-4301-9f4a-d096f65be969	b97a1722-3f01-46d1-b103-82d4bc622b90
7baaecda-6179-4725-b0a9-b208cb56747f	2024-05-05 13:09:33.34	\N	2024-05-05 13:09:33.34	2	70000	43443a2d-87de-4763-8c1b-76b8d0463713	827c1ab7-04fb-410d-960d-1c9084f25ba4
65adf5ca-04b2-4407-bd0a-8033fa67dd1a	2024-05-05 13:09:33.341	\N	2024-05-05 13:09:33.341	5	475000	43443a2d-87de-4763-8c1b-76b8d0463713	0e942dc3-6107-4fe2-888c-58f5ce9258b9
fbb964f7-25e0-4dd5-8073-6dce9bcc0525	2024-05-05 13:09:33.343	\N	2024-05-05 13:09:33.343	9	288000	43443a2d-87de-4763-8c1b-76b8d0463713	4d00d0a1-a840-4bf2-bcd0-980be369467b
7a32fd74-9b70-4fff-963b-d5bca80fdc11	2024-05-05 13:09:33.345	\N	2024-05-05 13:09:33.345	7	581000	43443a2d-87de-4763-8c1b-76b8d0463713	489bdbef-3e8e-40f7-a744-5bc655bd8cd7
3ed88b15-106c-4fac-8cc4-d04c1cdfe26e	2024-05-05 13:09:33.347	\N	2024-05-05 13:09:33.347	8	304000	43443a2d-87de-4763-8c1b-76b8d0463713	07e22c42-d164-4c39-86a6-28aa32459aec
66a3060a-6156-40b9-be36-1d1671c54b0e	2024-05-05 13:09:33.353	\N	2024-05-05 13:09:33.353	9	315000	67f5229c-7f30-4528-9227-bd3539ed75d8	cce8a1af-1b51-498d-8628-5c1dd246b7a9
f1aa36e0-3e29-4a61-8aab-c866970d789d	2024-05-05 13:09:33.355	\N	2024-05-05 13:09:33.355	10	900000	67f5229c-7f30-4528-9227-bd3539ed75d8	cc43d50d-a1ff-4de0-8d42-565b1eef1112
b704d074-43e7-4e66-b177-26add2ab6ffa	2024-05-05 13:09:33.356	\N	2024-05-05 13:09:33.356	4	388000	67f5229c-7f30-4528-9227-bd3539ed75d8	a7865505-77d3-47c4-b539-f3f11a1cbcdb
851c59da-84ab-4931-b61f-227de337b9f8	2024-05-05 13:09:33.358	\N	2024-05-05 13:09:33.358	7	378000	67f5229c-7f30-4528-9227-bd3539ed75d8	7fe07ecb-5ae5-4f8b-93cd-4e12361d1af9
6644d377-1d92-4c0b-93d5-0617f64c1be1	2024-05-05 13:09:33.364	\N	2024-05-05 13:09:33.364	7	84000	4aae2941-b836-4007-816c-9c02c919a865	465265c7-7e65-4951-837f-159455b32906
c21a9262-349d-4103-a082-48c803c3992a	2024-05-05 13:09:33.37	\N	2024-05-05 13:09:33.37	3	105000	b9b5a2ca-e954-4b4a-b64f-412967e7e972	827c1ab7-04fb-410d-960d-1c9084f25ba4
5411c2bb-de9f-41ee-8819-b53df0410dc3	2024-05-05 13:09:33.372	\N	2024-05-05 13:09:33.372	5	475000	b9b5a2ca-e954-4b4a-b64f-412967e7e972	0e942dc3-6107-4fe2-888c-58f5ce9258b9
7aa14dea-cf0a-451e-9dd8-71a5f4b1bc64	2024-05-05 13:09:33.378	\N	2024-05-05 13:09:33.378	6	180000	d9869e96-deb7-4da5-9497-e39e55b2d199	5472ef33-a1c3-4ab6-99dc-fa956920f724
d2f370c3-43cf-49b2-93c9-332599179fc4	2024-05-05 13:09:33.379	\N	2024-05-05 13:09:33.379	8	496000	d9869e96-deb7-4da5-9497-e39e55b2d199	5444ef4c-48b6-486f-b2c8-51484af12069
1f9a02de-2d0a-4675-b52e-615057eda486	2024-05-05 13:09:33.381	\N	2024-05-05 13:09:33.381	9	774000	d9869e96-deb7-4da5-9497-e39e55b2d199	f949bb74-c1bc-48e2-8614-61f974e9d9fc
04beb76a-e207-4ef3-8eca-45eb49b93920	2024-05-05 13:09:33.382	\N	2024-05-05 13:09:33.382	1	19000	d9869e96-deb7-4da5-9497-e39e55b2d199	36cf5c05-4ffe-43c7-972c-b9b200810b7d
de7a2279-ecd0-4107-893e-c0603fa37b78	2024-05-05 13:09:33.384	\N	2024-05-05 13:09:33.384	6	432000	d9869e96-deb7-4da5-9497-e39e55b2d199	e1eef963-5581-4fcf-9d50-dc32bb85c30e
f9624633-4e61-4cba-b20e-46cd93e9c306	2024-05-05 13:09:33.385	\N	2024-05-05 13:09:33.385	7	651000	d9869e96-deb7-4da5-9497-e39e55b2d199	8a49f09f-54fd-4da0-a3c5-abe764d73379
e930be65-1a5d-4f61-8d29-071e97d65126	2024-05-05 13:09:33.387	\N	2024-05-05 13:09:33.387	9	477000	d9869e96-deb7-4da5-9497-e39e55b2d199	19a41797-c72c-451c-9785-741aac9fa7d1
5a30d7a1-9c61-446b-9d82-dfb8362dde5d	2024-05-05 13:09:33.389	\N	2024-05-05 13:09:33.389	4	180000	d9869e96-deb7-4da5-9497-e39e55b2d199	8e741e1b-a0ea-47c7-b023-c07d05a059bc
150b042d-a200-4b3d-bcdd-b1c33b90299e	2024-05-05 13:09:33.391	\N	2024-05-05 13:09:33.391	9	675000	d9869e96-deb7-4da5-9497-e39e55b2d199	c739102b-cdcf-42a3-9ece-a881c7c59da7
eb8de141-b559-448e-93bb-4912b3aac3ab	2024-05-05 13:09:33.392	\N	2024-05-05 13:09:33.392	7	42000	d9869e96-deb7-4da5-9497-e39e55b2d199	298ed806-fe52-4e4d-a204-eee0ee5cdff3
51573fb3-1260-48f6-8d7e-241dd9e4cbca	2024-05-05 13:09:33.394	\N	2024-05-05 13:09:33.394	7	581000	d9869e96-deb7-4da5-9497-e39e55b2d199	79b7a9bc-4da4-4ea8-ad1c-23b2c1da6dda
891d1bba-7cb2-40d2-99d8-41750df0d737	2024-05-05 13:09:33.395	\N	2024-05-05 13:09:33.395	1	25000	d9869e96-deb7-4da5-9497-e39e55b2d199	e0ea798b-4742-4356-8963-556844884456
1df10fa4-6130-4c61-9005-5f2e1308c17d	2024-05-05 13:09:33.397	\N	2024-05-05 13:09:33.397	7	511000	d9869e96-deb7-4da5-9497-e39e55b2d199	c72e5106-33b5-432b-891a-8a83a6be8212
d53ff907-7356-48ee-b108-e0ac47776ee8	2024-05-05 13:09:33.398	\N	2024-05-05 13:09:33.398	8	760000	d9869e96-deb7-4da5-9497-e39e55b2d199	79ee0550-3930-4bf3-a74e-ecc389699cb1
ddfc50a4-77f9-4621-bed9-c47cf15022da	2024-05-05 13:09:33.399	\N	2024-05-05 13:09:33.399	2	200000	d9869e96-deb7-4da5-9497-e39e55b2d199	b2e98949-b6f4-47f3-91b6-fea146023be0
b11817bb-5b46-4f12-b130-68259111da73	2024-05-05 13:09:33.401	\N	2024-05-05 13:09:33.401	8	208000	d9869e96-deb7-4da5-9497-e39e55b2d199	0cf33bf5-29b9-4e5f-b27e-f2afef3c7979
6e4151cf-6ec1-4817-a02f-d0b6dad21733	2024-05-05 13:09:33.402	\N	2024-05-05 13:09:33.402	10	580000	d9869e96-deb7-4da5-9497-e39e55b2d199	840a7ade-0a64-4469-8f5d-0ea7a9050d4b
50cbd61d-843a-41fa-95fd-2797c0df30ce	2024-05-05 13:09:33.408	\N	2024-05-05 13:09:33.408	8	240000	aad8a8e3-23b5-4cfb-a87f-e16b74ae54e1	5472ef33-a1c3-4ab6-99dc-fa956920f724
abaa927b-a8e3-4d26-b389-b54b054ae1c7	2024-05-05 13:09:33.41	\N	2024-05-05 13:09:33.41	7	434000	aad8a8e3-23b5-4cfb-a87f-e16b74ae54e1	5444ef4c-48b6-486f-b2c8-51484af12069
33f64111-759b-4e88-9a4a-5f0618077421	2024-05-05 13:09:33.411	\N	2024-05-05 13:09:33.411	10	860000	aad8a8e3-23b5-4cfb-a87f-e16b74ae54e1	f949bb74-c1bc-48e2-8614-61f974e9d9fc
6ba3f07d-5414-4ef6-9f18-3d4159112089	2024-05-05 13:09:33.413	\N	2024-05-05 13:09:33.413	1	19000	aad8a8e3-23b5-4cfb-a87f-e16b74ae54e1	36cf5c05-4ffe-43c7-972c-b9b200810b7d
a71bd82a-a4cc-4482-bf1a-bd84ae468efe	2024-05-05 13:09:33.414	\N	2024-05-05 13:09:33.414	10	720000	aad8a8e3-23b5-4cfb-a87f-e16b74ae54e1	e1eef963-5581-4fcf-9d50-dc32bb85c30e
30fbab01-95e5-45c8-b307-3587c1920fce	2024-05-05 13:09:33.416	\N	2024-05-05 13:09:33.416	4	372000	aad8a8e3-23b5-4cfb-a87f-e16b74ae54e1	8a49f09f-54fd-4da0-a3c5-abe764d73379
d07a0f2c-abd1-4b7e-a2e5-14e19f23b4e6	2024-05-05 13:09:33.418	\N	2024-05-05 13:09:33.418	8	424000	aad8a8e3-23b5-4cfb-a87f-e16b74ae54e1	19a41797-c72c-451c-9785-741aac9fa7d1
ddf0d689-d7fc-4638-a7ae-e13505d02ca5	2024-05-05 13:09:33.419	\N	2024-05-05 13:09:33.419	4	180000	aad8a8e3-23b5-4cfb-a87f-e16b74ae54e1	8e741e1b-a0ea-47c7-b023-c07d05a059bc
be9284e4-0493-4e5f-ac4d-7e485686751f	2024-05-05 13:09:33.421	\N	2024-05-05 13:09:33.421	2	150000	aad8a8e3-23b5-4cfb-a87f-e16b74ae54e1	c739102b-cdcf-42a3-9ece-a881c7c59da7
d6126e90-09ec-40de-8616-a9534c72e11b	2024-05-05 13:09:33.422	\N	2024-05-05 13:09:33.422	6	36000	aad8a8e3-23b5-4cfb-a87f-e16b74ae54e1	298ed806-fe52-4e4d-a204-eee0ee5cdff3
fa7f4612-f571-4190-ae62-493ecf766b8c	2024-05-05 13:09:33.424	\N	2024-05-05 13:09:33.424	2	166000	aad8a8e3-23b5-4cfb-a87f-e16b74ae54e1	79b7a9bc-4da4-4ea8-ad1c-23b2c1da6dda
79c18314-7027-4eef-b5de-f0972dcc855c	2024-05-05 13:09:33.426	\N	2024-05-05 13:09:33.426	1	25000	aad8a8e3-23b5-4cfb-a87f-e16b74ae54e1	e0ea798b-4742-4356-8963-556844884456
40135291-9050-4879-818d-791f6257581c	2024-05-05 13:09:33.428	\N	2024-05-05 13:09:33.428	10	730000	aad8a8e3-23b5-4cfb-a87f-e16b74ae54e1	c72e5106-33b5-432b-891a-8a83a6be8212
6ebe72a7-1f79-404a-8aaa-0ea5ccad95b8	2024-05-05 13:09:33.429	\N	2024-05-05 13:09:33.429	8	760000	aad8a8e3-23b5-4cfb-a87f-e16b74ae54e1	79ee0550-3930-4bf3-a74e-ecc389699cb1
d015a359-c299-4bee-88f6-c11e92e01f8e	2024-05-05 13:09:33.431	\N	2024-05-05 13:09:33.431	8	800000	aad8a8e3-23b5-4cfb-a87f-e16b74ae54e1	b2e98949-b6f4-47f3-91b6-fea146023be0
87f36ebf-d0f4-47c2-866b-fa546a23a93c	2024-05-05 13:09:33.437	\N	2024-05-05 13:09:33.437	1	30000	0dfcbdac-71aa-4fb5-8a90-6820f8b54412	5472ef33-a1c3-4ab6-99dc-fa956920f724
8ed0d713-495e-4438-a935-2e0cdacfaa7f	2024-05-05 13:09:33.438	\N	2024-05-05 13:09:33.438	10	620000	0dfcbdac-71aa-4fb5-8a90-6820f8b54412	5444ef4c-48b6-486f-b2c8-51484af12069
10c3f4f9-5a06-4152-ba6d-e0f330143ed5	2024-05-05 13:09:33.44	\N	2024-05-05 13:09:33.44	9	774000	0dfcbdac-71aa-4fb5-8a90-6820f8b54412	f949bb74-c1bc-48e2-8614-61f974e9d9fc
6664b115-d421-4464-9bd6-1c588eff18a0	2024-05-05 13:09:33.441	\N	2024-05-05 13:09:33.441	8	152000	0dfcbdac-71aa-4fb5-8a90-6820f8b54412	36cf5c05-4ffe-43c7-972c-b9b200810b7d
12435fe2-1d7a-430f-8376-3fb6ea9f62ba	2024-05-05 13:09:33.443	\N	2024-05-05 13:09:33.443	9	648000	0dfcbdac-71aa-4fb5-8a90-6820f8b54412	e1eef963-5581-4fcf-9d50-dc32bb85c30e
4c172d2d-451c-457f-901c-e8a54bb945fd	2024-05-05 13:09:33.444	\N	2024-05-05 13:09:33.444	1	93000	0dfcbdac-71aa-4fb5-8a90-6820f8b54412	8a49f09f-54fd-4da0-a3c5-abe764d73379
2c06e0fe-2628-472e-af69-1c74f6491845	2024-05-05 13:09:33.446	\N	2024-05-05 13:09:33.446	7	371000	0dfcbdac-71aa-4fb5-8a90-6820f8b54412	19a41797-c72c-451c-9785-741aac9fa7d1
0a35764e-40f2-43b0-b31a-380440935898	2024-05-05 13:09:33.447	\N	2024-05-05 13:09:33.447	6	270000	0dfcbdac-71aa-4fb5-8a90-6820f8b54412	8e741e1b-a0ea-47c7-b023-c07d05a059bc
b7e0ddd2-8614-4e0e-a552-1cbbb09cbb96	2024-05-05 13:09:33.449	\N	2024-05-05 13:09:33.449	9	675000	0dfcbdac-71aa-4fb5-8a90-6820f8b54412	c739102b-cdcf-42a3-9ece-a881c7c59da7
2134d0bd-ebc8-424f-842f-2fde8f7d88af	2024-05-05 13:09:33.45	\N	2024-05-05 13:09:33.45	8	48000	0dfcbdac-71aa-4fb5-8a90-6820f8b54412	298ed806-fe52-4e4d-a204-eee0ee5cdff3
8a1c2f5f-3abd-428e-a0c7-085b57b1e7c8	2024-05-05 13:09:33.452	\N	2024-05-05 13:09:33.452	8	664000	0dfcbdac-71aa-4fb5-8a90-6820f8b54412	79b7a9bc-4da4-4ea8-ad1c-23b2c1da6dda
3680eb7d-26c8-470f-9fc1-bac5ad22b87b	2024-05-05 13:09:33.454	\N	2024-05-05 13:09:33.454	5	125000	0dfcbdac-71aa-4fb5-8a90-6820f8b54412	e0ea798b-4742-4356-8963-556844884456
a47687a5-c6d6-44a6-bd0d-8b43d0de0604	2024-05-05 13:09:33.457	\N	2024-05-05 13:09:33.457	10	730000	0dfcbdac-71aa-4fb5-8a90-6820f8b54412	c72e5106-33b5-432b-891a-8a83a6be8212
e4349684-9d78-42f0-889e-b038666b9856	2024-05-05 13:09:33.459	\N	2024-05-05 13:09:33.459	1	95000	0dfcbdac-71aa-4fb5-8a90-6820f8b54412	79ee0550-3930-4bf3-a74e-ecc389699cb1
0bfa32c6-be13-496b-a07b-1c4f6364d770	2024-05-05 13:09:33.461	\N	2024-05-05 13:09:33.461	3	300000	0dfcbdac-71aa-4fb5-8a90-6820f8b54412	b2e98949-b6f4-47f3-91b6-fea146023be0
766f6578-7799-4098-98be-c638cca7cb21	2024-05-05 13:09:33.462	\N	2024-05-05 13:09:33.462	6	156000	0dfcbdac-71aa-4fb5-8a90-6820f8b54412	0cf33bf5-29b9-4e5f-b27e-f2afef3c7979
a00b6702-0977-413d-a107-e20104a7e5b6	2024-05-05 13:09:33.464	\N	2024-05-05 13:09:33.464	9	522000	0dfcbdac-71aa-4fb5-8a90-6820f8b54412	840a7ade-0a64-4469-8f5d-0ea7a9050d4b
25ed67b3-c7e0-4210-be61-9228ff2c8636	2024-05-05 13:09:33.465	\N	2024-05-05 13:09:33.465	9	747000	0dfcbdac-71aa-4fb5-8a90-6820f8b54412	7df5ad2a-8df1-4aed-924d-7f9c46b41552
11f5fe9d-6e8f-45d3-b04f-7886c59aac05	2024-05-05 13:09:33.467	\N	2024-05-05 13:09:33.467	1	88000	0dfcbdac-71aa-4fb5-8a90-6820f8b54412	c210e1bb-e762-4587-b4c3-88756fd2c6da
50a37fa8-8370-4a59-ad1f-a415832a7564	2024-05-05 13:09:33.475	\N	2024-05-05 13:09:33.475	2	70000	8656eaf2-ab10-44a7-8c90-e5603584e6cc	cce8a1af-1b51-498d-8628-5c1dd246b7a9
943c649a-a761-4409-b442-f693a61f317f	2024-05-05 13:09:33.477	\N	2024-05-05 13:09:33.477	2	180000	8656eaf2-ab10-44a7-8c90-e5603584e6cc	cc43d50d-a1ff-4de0-8d42-565b1eef1112
cc402da1-36c0-4079-ae64-1eeaeaf3f33c	2024-05-05 13:09:33.479	\N	2024-05-05 13:09:33.479	7	679000	8656eaf2-ab10-44a7-8c90-e5603584e6cc	a7865505-77d3-47c4-b539-f3f11a1cbcdb
1218023b-65d2-46bc-8750-b228c6c1a5a8	2024-05-05 13:09:33.481	\N	2024-05-05 13:09:33.481	2	108000	8656eaf2-ab10-44a7-8c90-e5603584e6cc	7fe07ecb-5ae5-4f8b-93cd-4e12361d1af9
731244b0-a2d9-4fb6-a773-47a130fd9831	2024-05-05 13:09:33.495	\N	2024-05-05 13:09:33.495	5	195000	8656eaf2-ab10-44a7-8c90-e5603584e6cc	2040124d-610a-4cd4-a8ea-be373dbdad2c
b76cb76c-fc6b-4fca-93d2-f8ad2729f9dc	2024-05-05 13:09:33.496	\N	2024-05-05 13:09:33.496	5	250000	8656eaf2-ab10-44a7-8c90-e5603584e6cc	befe927d-cd0b-4969-9b6e-13681b506a5c
ccc690b3-efc8-45de-a869-d8c11d78ec7f	2024-05-05 13:09:33.498	\N	2024-05-05 13:09:33.498	8	424000	8656eaf2-ab10-44a7-8c90-e5603584e6cc	7a8778c6-9388-4f86-b1e4-0269dabe6853
fd52db74-c835-4d07-ae6c-491cc7249b52	2024-05-05 13:09:33.499	\N	2024-05-05 13:09:33.499	7	63000	8656eaf2-ab10-44a7-8c90-e5603584e6cc	65285291-7fde-46d4-afd5-c6acfd7740eb
27347d1f-13d4-49be-a718-ca62376ffb3c	2024-05-05 13:09:33.501	\N	2024-05-05 13:09:33.501	3	237000	8656eaf2-ab10-44a7-8c90-e5603584e6cc	b6aa61a9-8787-4be7-8c52-392f736cea89
e6c44761-c1d2-4800-9983-72a694ac86c1	2024-05-05 13:09:33.502	\N	2024-05-05 13:09:33.502	8	624000	8656eaf2-ab10-44a7-8c90-e5603584e6cc	ca1cb637-dcea-41bf-8ee5-bced91475c63
093c90cd-f42b-4cf8-8885-c677c81adda0	2024-05-05 13:09:33.504	\N	2024-05-05 13:09:33.504	8	528000	8656eaf2-ab10-44a7-8c90-e5603584e6cc	310859d9-dbf6-43f8-98e1-b60c71ab9597
ba5c97ce-da28-4fae-87f9-cd57b4ee3d10	2024-05-05 13:09:33.507	\N	2024-05-05 13:09:33.507	7	161000	8656eaf2-ab10-44a7-8c90-e5603584e6cc	b209fee0-f387-4962-b77b-669201962d72
69310788-89ef-420f-bfbe-8e4a6f1307cd	2024-05-05 13:09:33.509	\N	2024-05-05 13:09:33.509	9	225000	8656eaf2-ab10-44a7-8c90-e5603584e6cc	b29e8c49-2fb2-4300-9158-d80f9ad6df3c
09ba8f2a-3728-4db5-99cb-b08091333635	2024-05-05 13:09:33.512	\N	2024-05-05 13:09:33.512	1	65000	8656eaf2-ab10-44a7-8c90-e5603584e6cc	7db58031-6eee-4160-b63c-f9d9778b19c7
d2038cc9-ed0d-4a98-b877-169a7de10a71	2024-05-05 13:09:33.514	\N	2024-05-05 13:09:33.514	4	316000	8656eaf2-ab10-44a7-8c90-e5603584e6cc	209e376b-7881-497f-9703-8a3261ea0628
c97ffdc0-0793-4c9b-a1a4-fb3dfaaa6918	2024-05-05 13:09:33.515	\N	2024-05-05 13:09:33.515	1	54000	8656eaf2-ab10-44a7-8c90-e5603584e6cc	7fae4100-835a-4193-bdd3-2187fc37d7b1
0cbbb5a3-2aa3-4e90-8503-461e3de849ee	2024-05-05 13:09:33.517	\N	2024-05-05 13:09:33.517	8	120000	8656eaf2-ab10-44a7-8c90-e5603584e6cc	6af9f751-1646-435f-8b84-1e7cc010ba3e
20b7a0fa-3825-4fc6-b389-e9c0d712c2fe	2024-05-05 13:09:33.519	\N	2024-05-05 13:09:33.519	9	882000	8656eaf2-ab10-44a7-8c90-e5603584e6cc	82e5c354-9927-46e3-87e6-a27e11c8fc7d
dd19ac72-ab10-43e9-b2c2-e04592f42fb6	2024-05-05 13:09:33.525	\N	2024-05-05 13:09:33.525	2	70000	7e86d2c2-1276-4661-adcf-068c486e97a3	cce8a1af-1b51-498d-8628-5c1dd246b7a9
b0b6cf3d-cb19-4bbf-9b51-34e3ad3d7ea5	2024-05-05 13:09:33.527	\N	2024-05-05 13:09:33.527	2	180000	7e86d2c2-1276-4661-adcf-068c486e97a3	cc43d50d-a1ff-4de0-8d42-565b1eef1112
fdde9e0f-9a01-4586-a975-d6bc732c4120	2024-05-05 13:09:33.528	\N	2024-05-05 13:09:33.528	3	291000	7e86d2c2-1276-4661-adcf-068c486e97a3	a7865505-77d3-47c4-b539-f3f11a1cbcdb
a576c7e8-b720-43f8-b935-867fbc229a9a	2024-05-05 13:09:33.53	\N	2024-05-05 13:09:33.53	1	54000	7e86d2c2-1276-4661-adcf-068c486e97a3	7fe07ecb-5ae5-4f8b-93cd-4e12361d1af9
04fd27dd-35c2-42a7-be23-b5eff3aef458	2024-05-05 13:09:33.532	\N	2024-05-05 13:09:33.532	8	312000	7e86d2c2-1276-4661-adcf-068c486e97a3	2040124d-610a-4cd4-a8ea-be373dbdad2c
3a13c947-5721-46bd-9c6d-4bf2cbb38682	2024-05-05 13:09:33.534	\N	2024-05-05 13:09:33.534	1	50000	7e86d2c2-1276-4661-adcf-068c486e97a3	befe927d-cd0b-4969-9b6e-13681b506a5c
b364a29e-4fe0-4948-a0df-88a64540ae7f	2024-05-05 13:09:33.535	\N	2024-05-05 13:09:33.535	3	159000	7e86d2c2-1276-4661-adcf-068c486e97a3	7a8778c6-9388-4f86-b1e4-0269dabe6853
bada232d-243f-414f-b16e-2dbac4de9a3c	2024-05-05 13:09:33.537	\N	2024-05-05 13:09:33.537	9	81000	7e86d2c2-1276-4661-adcf-068c486e97a3	65285291-7fde-46d4-afd5-c6acfd7740eb
3ce71dd2-09b2-4461-9126-3a6ea9e0e4c8	2024-05-05 13:09:33.539	\N	2024-05-05 13:09:33.539	10	790000	7e86d2c2-1276-4661-adcf-068c486e97a3	b6aa61a9-8787-4be7-8c52-392f736cea89
ff6a718e-1fef-4d25-af72-3ac5fae068c5	2024-05-05 13:09:33.54	\N	2024-05-05 13:09:33.54	9	702000	7e86d2c2-1276-4661-adcf-068c486e97a3	ca1cb637-dcea-41bf-8ee5-bced91475c63
ca23da4c-828f-425f-aec5-49343b5ea3c3	2024-05-05 13:09:33.542	\N	2024-05-05 13:09:33.542	7	462000	7e86d2c2-1276-4661-adcf-068c486e97a3	310859d9-dbf6-43f8-98e1-b60c71ab9597
411b3f0e-4c5b-4385-939c-934a59954e9c	2024-05-05 13:09:33.543	\N	2024-05-05 13:09:33.543	5	115000	7e86d2c2-1276-4661-adcf-068c486e97a3	b209fee0-f387-4962-b77b-669201962d72
434f8938-300d-4061-be63-11d674f990d7	2024-05-05 13:09:33.545	\N	2024-05-05 13:09:33.545	9	225000	7e86d2c2-1276-4661-adcf-068c486e97a3	b29e8c49-2fb2-4300-9158-d80f9ad6df3c
1a2a2aaa-b97f-4664-a573-6a18712bc6ff	2024-05-05 13:09:33.547	\N	2024-05-05 13:09:33.547	3	195000	7e86d2c2-1276-4661-adcf-068c486e97a3	7db58031-6eee-4160-b63c-f9d9778b19c7
95bb4a53-122c-4bf2-ba21-8152df9d997f	2024-05-05 13:09:33.553	\N	2024-05-05 13:09:33.553	6	312000	153725a5-e2c1-47d9-bf1c-6c68faa27019	be277426-8bc8-467c-b787-a95d0b42a13a
2f03a0fe-fbb7-46d9-bed7-8ffb84d2c1d4	2024-05-05 13:09:33.555	\N	2024-05-05 13:09:33.555	6	102000	153725a5-e2c1-47d9-bf1c-6c68faa27019	952956b3-4391-48ff-9953-8854b4519611
fa304ade-4a8a-42c4-9d7f-84240a63b10c	2024-05-05 13:09:33.557	\N	2024-05-05 13:09:33.557	10	850000	153725a5-e2c1-47d9-bf1c-6c68faa27019	ada8b50c-389c-4ff5-a491-8dc1920e8ffe
702b5ba8-3190-4bf6-8d66-11cdee9f615c	2024-05-05 13:09:33.558	\N	2024-05-05 13:09:33.558	5	470000	153725a5-e2c1-47d9-bf1c-6c68faa27019	996f645c-84d6-482d-97cd-314dfcc0ebe9
8a9b6815-a17d-4c6a-b8c4-508beecdd7d2	2024-05-05 13:09:33.56	\N	2024-05-05 13:09:33.56	8	40000	153725a5-e2c1-47d9-bf1c-6c68faa27019	8d245bd9-4f4a-49cb-9975-612f8c449e76
95e5b11f-a9d7-4dc8-a327-51f607d8aef4	2024-05-05 13:09:33.562	\N	2024-05-05 13:09:33.562	2	172000	153725a5-e2c1-47d9-bf1c-6c68faa27019	cd6a13a7-1f21-4970-a505-99c84be40869
afa63e7b-06ba-4333-95e0-3bd79d411a7d	2024-05-05 13:09:33.563	\N	2024-05-05 13:09:33.563	9	675000	153725a5-e2c1-47d9-bf1c-6c68faa27019	a79e0965-5d77-4717-b153-1cd1978cf926
dd0b233d-e0a5-4eb9-a3aa-471200684090	2024-05-05 13:09:33.565	\N	2024-05-05 13:09:33.565	4	28000	153725a5-e2c1-47d9-bf1c-6c68faa27019	1161bb6a-ffee-4f64-8851-73976d01684c
34637560-7b6a-4c01-ac06-176396b31752	2024-05-05 13:09:33.566	\N	2024-05-05 13:09:33.566	5	335000	153725a5-e2c1-47d9-bf1c-6c68faa27019	cbc0f619-105b-47e2-a67a-4c73236568ee
333f525b-83ea-4cc2-8d71-3cace9b43da7	2024-05-05 13:09:33.568	\N	2024-05-05 13:09:33.568	3	102000	153725a5-e2c1-47d9-bf1c-6c68faa27019	5de1dd90-53e5-430b-8172-008bfb3b1a44
c455d5a5-a7a6-4242-84e6-c68d076fe91d	2024-05-05 13:09:33.569	\N	2024-05-05 13:09:33.569	1	66000	153725a5-e2c1-47d9-bf1c-6c68faa27019	27666821-82a6-4aa7-9908-ab0a956f2300
f227bcd8-8bc7-4e89-8d98-18d915cf78ed	2024-05-05 13:09:33.571	\N	2024-05-05 13:09:33.571	2	18000	153725a5-e2c1-47d9-bf1c-6c68faa27019	89fa4638-3b48-461d-9a29-b3667324de9d
37a12453-31cd-469e-8921-b6d2df4eb6b4	2024-05-05 13:09:33.572	\N	2024-05-05 13:09:33.572	9	702000	153725a5-e2c1-47d9-bf1c-6c68faa27019	57c04724-0fab-4cac-8d2a-600e69de5ebf
9e0f2c2e-73c9-429d-a24c-52a569aa5a2c	2024-05-05 13:09:33.574	\N	2024-05-05 13:09:33.574	10	340000	153725a5-e2c1-47d9-bf1c-6c68faa27019	e44cc9f0-3ed2-476a-a785-69f6af784561
2e382e5a-1329-4b6a-ba6c-2ca200093de6	2024-05-05 13:09:33.576	\N	2024-05-05 13:09:33.576	10	290000	153725a5-e2c1-47d9-bf1c-6c68faa27019	2b31794c-43cb-4155-a5bc-6b0f412ff7ff
6162ca61-8595-42f0-9b66-2570d785eb7c	2024-05-05 13:09:33.577	\N	2024-05-05 13:09:33.577	10	680000	153725a5-e2c1-47d9-bf1c-6c68faa27019	2a2b571f-4d01-48c2-a4eb-300feb5a36aa
8382cd6a-a2c3-41f4-951d-a12a2f4d8adb	2024-05-05 13:09:33.579	\N	2024-05-05 13:09:33.579	2	46000	153725a5-e2c1-47d9-bf1c-6c68faa27019	fc49ae60-7d08-4df6-9213-ac067778aae7
425cc8e7-5884-4f30-9e7f-b35f064f13c7	2024-05-05 13:09:33.58	\N	2024-05-05 13:09:33.58	9	819000	153725a5-e2c1-47d9-bf1c-6c68faa27019	258c9f83-3ecb-4c10-931d-a4936e10447c
7ccff89e-2690-44e0-95b2-a41b1843d93f	2024-05-05 13:09:33.583	\N	2024-05-05 13:09:33.583	1	16000	153725a5-e2c1-47d9-bf1c-6c68faa27019	61c50db0-0bb0-45d7-85a0-fa6d3ce901e1
91256a06-f1e1-402f-acf2-b5b2e78095dc	2024-05-05 13:09:33.589	\N	2024-05-05 13:09:33.589	8	416000	0b186e7b-795e-4c94-b75f-1dca2e985b00	be277426-8bc8-467c-b787-a95d0b42a13a
da2acf83-047e-44b0-976b-db516f03c616	2024-05-05 13:09:33.592	\N	2024-05-05 13:09:33.592	7	119000	0b186e7b-795e-4c94-b75f-1dca2e985b00	952956b3-4391-48ff-9953-8854b4519611
b903423f-43eb-4da9-a8d2-9f88e201813d	2024-05-05 13:09:33.594	\N	2024-05-05 13:09:33.594	3	255000	0b186e7b-795e-4c94-b75f-1dca2e985b00	ada8b50c-389c-4ff5-a491-8dc1920e8ffe
297e8950-d4f0-41db-9f74-cb7848fe0f63	2024-05-05 13:09:33.596	\N	2024-05-05 13:09:33.596	8	752000	0b186e7b-795e-4c94-b75f-1dca2e985b00	996f645c-84d6-482d-97cd-314dfcc0ebe9
80962e7e-0366-4685-b970-2668c4bb3935	2024-05-05 13:09:33.597	\N	2024-05-05 13:09:33.597	3	15000	0b186e7b-795e-4c94-b75f-1dca2e985b00	8d245bd9-4f4a-49cb-9975-612f8c449e76
ebeb7280-1f51-44d3-9c95-111daadb945d	2024-05-05 13:09:33.6	\N	2024-05-05 13:09:33.6	5	430000	0b186e7b-795e-4c94-b75f-1dca2e985b00	cd6a13a7-1f21-4970-a505-99c84be40869
54a11d82-62bb-4f65-9aa4-54275a3eb73a	2024-05-05 13:09:33.603	\N	2024-05-05 13:09:33.603	9	675000	0b186e7b-795e-4c94-b75f-1dca2e985b00	a79e0965-5d77-4717-b153-1cd1978cf926
7f3bcd17-3157-40ab-b492-b69298ef2b14	2024-05-05 13:09:33.605	\N	2024-05-05 13:09:33.605	7	49000	0b186e7b-795e-4c94-b75f-1dca2e985b00	1161bb6a-ffee-4f64-8851-73976d01684c
67ec1d61-a228-4e68-9be4-829be2b45cc2	2024-05-05 13:09:33.607	\N	2024-05-05 13:09:33.607	1	67000	0b186e7b-795e-4c94-b75f-1dca2e985b00	cbc0f619-105b-47e2-a67a-4c73236568ee
e2862f29-002e-4562-a617-be103e63ac25	2024-05-05 13:09:33.61	\N	2024-05-05 13:09:33.61	8	272000	0b186e7b-795e-4c94-b75f-1dca2e985b00	5de1dd90-53e5-430b-8172-008bfb3b1a44
219334cf-1253-470f-90a8-f90d29d67eee	2024-05-05 13:09:33.612	\N	2024-05-05 13:09:33.612	8	528000	0b186e7b-795e-4c94-b75f-1dca2e985b00	27666821-82a6-4aa7-9908-ab0a956f2300
0379843f-9132-4ee0-b91b-f67fbfdf47b5	2024-05-05 13:09:33.613	\N	2024-05-05 13:09:33.613	10	90000	0b186e7b-795e-4c94-b75f-1dca2e985b00	89fa4638-3b48-461d-9a29-b3667324de9d
c51e6ca1-ee8b-474c-815e-13eb5189395d	2024-05-05 13:09:33.615	\N	2024-05-05 13:09:33.615	9	702000	0b186e7b-795e-4c94-b75f-1dca2e985b00	57c04724-0fab-4cac-8d2a-600e69de5ebf
a8468c34-62ac-4406-8454-cd20bb01428a	2024-05-05 13:09:33.617	\N	2024-05-05 13:09:33.617	1	34000	0b186e7b-795e-4c94-b75f-1dca2e985b00	e44cc9f0-3ed2-476a-a785-69f6af784561
118f1917-65ba-4289-8ec8-5a735fccfe2e	2024-05-05 13:09:33.619	\N	2024-05-05 13:09:33.619	7	203000	0b186e7b-795e-4c94-b75f-1dca2e985b00	2b31794c-43cb-4155-a5bc-6b0f412ff7ff
a44223b5-3e58-4838-a244-4b7c604ae348	2024-05-05 13:09:33.624	\N	2024-05-05 13:09:33.624	8	416000	f4594fe6-4e30-42ea-910e-56fff7acbb00	be277426-8bc8-467c-b787-a95d0b42a13a
9482e776-6b06-4539-bfa9-88144f7fce24	2024-05-05 13:09:33.626	\N	2024-05-05 13:09:33.626	6	102000	f4594fe6-4e30-42ea-910e-56fff7acbb00	952956b3-4391-48ff-9953-8854b4519611
45ea9f8a-270c-4d34-8d2d-2238b2686323	2024-05-05 13:09:33.627	\N	2024-05-05 13:09:33.627	6	510000	f4594fe6-4e30-42ea-910e-56fff7acbb00	ada8b50c-389c-4ff5-a491-8dc1920e8ffe
6c668bd6-6a70-471b-ba8a-c813656feb7a	2024-05-05 13:09:33.629	\N	2024-05-05 13:09:33.629	7	658000	f4594fe6-4e30-42ea-910e-56fff7acbb00	996f645c-84d6-482d-97cd-314dfcc0ebe9
9371f20c-ae94-40c0-94ef-6c063264c42d	2024-05-05 13:09:33.63	\N	2024-05-05 13:09:33.63	10	50000	f4594fe6-4e30-42ea-910e-56fff7acbb00	8d245bd9-4f4a-49cb-9975-612f8c449e76
8a8ed73f-24b4-4c75-b5e3-f70fb9dc30d9	2024-05-05 13:09:33.631	\N	2024-05-05 13:09:33.631	7	602000	f4594fe6-4e30-42ea-910e-56fff7acbb00	cd6a13a7-1f21-4970-a505-99c84be40869
55a80d17-2124-4a10-abc6-f878fc0f9841	2024-05-05 13:09:33.633	\N	2024-05-05 13:09:33.633	1	75000	f4594fe6-4e30-42ea-910e-56fff7acbb00	a79e0965-5d77-4717-b153-1cd1978cf926
49283ff2-0b9e-40e0-8579-31133760a103	2024-05-05 13:09:33.635	\N	2024-05-05 13:09:33.635	1	7000	f4594fe6-4e30-42ea-910e-56fff7acbb00	1161bb6a-ffee-4f64-8851-73976d01684c
271e4856-e821-4ec0-b844-34b0ce79e2de	2024-05-05 13:09:33.636	\N	2024-05-05 13:09:33.636	10	670000	f4594fe6-4e30-42ea-910e-56fff7acbb00	cbc0f619-105b-47e2-a67a-4c73236568ee
7010f1e0-da71-4e0e-a2be-eadbbfd20ac0	2024-05-05 13:09:33.638	\N	2024-05-05 13:09:33.638	1	34000	f4594fe6-4e30-42ea-910e-56fff7acbb00	5de1dd90-53e5-430b-8172-008bfb3b1a44
15711eb4-5fb2-4706-a3c3-b3bf8b4e5465	2024-05-05 13:09:33.639	\N	2024-05-05 13:09:33.639	6	396000	f4594fe6-4e30-42ea-910e-56fff7acbb00	27666821-82a6-4aa7-9908-ab0a956f2300
2642e056-59ae-479d-87e2-7e23fc9b080f	2024-05-05 13:09:33.64	\N	2024-05-05 13:09:33.64	9	81000	f4594fe6-4e30-42ea-910e-56fff7acbb00	89fa4638-3b48-461d-9a29-b3667324de9d
8e5e4534-ede6-4d0f-aafa-d478984dacc3	2024-05-05 13:09:33.642	\N	2024-05-05 13:09:33.642	7	546000	f4594fe6-4e30-42ea-910e-56fff7acbb00	57c04724-0fab-4cac-8d2a-600e69de5ebf
d133b4cb-0121-4116-87d5-3ffff4ecf5bd	2024-05-05 13:09:33.643	\N	2024-05-05 13:09:33.643	10	340000	f4594fe6-4e30-42ea-910e-56fff7acbb00	e44cc9f0-3ed2-476a-a785-69f6af784561
bc205cc1-41a1-4345-916d-13d46b2df18f	2024-05-05 13:09:33.645	\N	2024-05-05 13:09:33.645	10	290000	f4594fe6-4e30-42ea-910e-56fff7acbb00	2b31794c-43cb-4155-a5bc-6b0f412ff7ff
a4592c8a-12b5-4bbd-aa19-1855d11e18a9	2024-05-05 13:09:33.647	\N	2024-05-05 13:09:33.647	6	408000	f4594fe6-4e30-42ea-910e-56fff7acbb00	2a2b571f-4d01-48c2-a4eb-300feb5a36aa
12d1e7d4-771c-4aed-9b0d-d2f67c09beb5	2024-05-05 13:09:33.648	\N	2024-05-05 13:09:33.648	10	230000	f4594fe6-4e30-42ea-910e-56fff7acbb00	fc49ae60-7d08-4df6-9213-ac067778aae7
f358fea5-c4a9-4d54-8cde-8d4f1b0f01df	2024-05-05 13:09:33.65	\N	2024-05-05 13:09:33.65	3	273000	f4594fe6-4e30-42ea-910e-56fff7acbb00	258c9f83-3ecb-4c10-931d-a4936e10447c
4e5a9a22-735d-4ccb-9d77-6968f550dc5d	2024-05-05 13:09:33.655	\N	2024-05-05 13:09:33.655	5	175000	b8de4fe5-3e6f-4d76-b902-905d1cb7f407	cce8a1af-1b51-498d-8628-5c1dd246b7a9
b43a0dd6-a6e3-4568-9e00-9ee138a24c31	2024-05-05 13:09:33.656	\N	2024-05-05 13:09:33.656	7	630000	b8de4fe5-3e6f-4d76-b902-905d1cb7f407	cc43d50d-a1ff-4de0-8d42-565b1eef1112
d4af3bc6-cbec-4ba7-93c2-e0aefa3dd351	2024-05-05 13:09:33.658	\N	2024-05-05 13:09:33.658	10	970000	b8de4fe5-3e6f-4d76-b902-905d1cb7f407	a7865505-77d3-47c4-b539-f3f11a1cbcdb
3926ddcc-6268-4b80-b2f5-7a26af4d363a	2024-05-05 13:09:33.659	\N	2024-05-05 13:09:33.659	9	486000	b8de4fe5-3e6f-4d76-b902-905d1cb7f407	7fe07ecb-5ae5-4f8b-93cd-4e12361d1af9
cf5faa9e-08a7-450b-8ef5-3cb3119cae4c	2024-05-05 13:09:33.661	\N	2024-05-05 13:09:33.661	10	390000	b8de4fe5-3e6f-4d76-b902-905d1cb7f407	2040124d-610a-4cd4-a8ea-be373dbdad2c
bd0155f5-ee70-4328-85ab-bfe969ce9164	2024-05-05 13:09:33.662	\N	2024-05-05 13:09:33.662	9	450000	b8de4fe5-3e6f-4d76-b902-905d1cb7f407	befe927d-cd0b-4969-9b6e-13681b506a5c
28cbe866-a4ac-4744-802f-cc4abe801109	2024-05-05 13:09:33.663	\N	2024-05-05 13:09:33.663	9	477000	b8de4fe5-3e6f-4d76-b902-905d1cb7f407	7a8778c6-9388-4f86-b1e4-0269dabe6853
14baaddf-ecd1-4ca6-af07-17d8353c0197	2024-05-05 13:09:33.665	\N	2024-05-05 13:09:33.665	8	72000	b8de4fe5-3e6f-4d76-b902-905d1cb7f407	65285291-7fde-46d4-afd5-c6acfd7740eb
5e0e61d7-937e-4023-9bd1-ed8c56c9cae5	2024-05-05 13:09:33.666	\N	2024-05-05 13:09:33.666	4	316000	b8de4fe5-3e6f-4d76-b902-905d1cb7f407	b6aa61a9-8787-4be7-8c52-392f736cea89
e3c56703-b5ed-4ba2-a0d7-ddbc99488f04	2024-05-05 13:09:33.668	\N	2024-05-05 13:09:33.668	8	624000	b8de4fe5-3e6f-4d76-b902-905d1cb7f407	ca1cb637-dcea-41bf-8ee5-bced91475c63
9829a003-2536-496e-8711-a35d0e862adb	2024-05-05 13:09:33.669	\N	2024-05-05 13:09:33.669	10	660000	b8de4fe5-3e6f-4d76-b902-905d1cb7f407	310859d9-dbf6-43f8-98e1-b60c71ab9597
0ee2d4c2-06ec-4137-beb4-93c55e99376a	2024-05-05 13:09:33.671	\N	2024-05-05 13:09:33.671	3	69000	b8de4fe5-3e6f-4d76-b902-905d1cb7f407	b209fee0-f387-4962-b77b-669201962d72
786f2e2c-8961-4f0e-86a9-26ceed57e268	2024-05-05 13:09:33.672	\N	2024-05-05 13:09:33.672	9	225000	b8de4fe5-3e6f-4d76-b902-905d1cb7f407	b29e8c49-2fb2-4300-9158-d80f9ad6df3c
4670bd9d-6807-455c-b64a-b91e1b08f676	2024-05-05 13:09:33.674	\N	2024-05-05 13:09:33.674	5	325000	b8de4fe5-3e6f-4d76-b902-905d1cb7f407	7db58031-6eee-4160-b63c-f9d9778b19c7
8325bb9b-86ce-4a6a-995d-4fbb2150705a	2024-05-05 13:09:33.681	\N	2024-05-05 13:09:33.681	8	240000	b3ced671-c2fa-4642-a2b2-60a091d72bdd	5472ef33-a1c3-4ab6-99dc-fa956920f724
2a427640-8748-471b-8c6f-24c388ed0fa8	2024-05-05 13:09:33.683	\N	2024-05-05 13:09:33.683	2	124000	b3ced671-c2fa-4642-a2b2-60a091d72bdd	5444ef4c-48b6-486f-b2c8-51484af12069
e885b629-6a69-4d5a-bfbe-c5f93aa1b957	2024-05-05 13:09:33.684	\N	2024-05-05 13:09:33.684	7	602000	b3ced671-c2fa-4642-a2b2-60a091d72bdd	f949bb74-c1bc-48e2-8614-61f974e9d9fc
825f956e-133b-4cde-a442-2df0884686de	2024-05-05 13:09:33.686	\N	2024-05-05 13:09:33.686	1	19000	b3ced671-c2fa-4642-a2b2-60a091d72bdd	36cf5c05-4ffe-43c7-972c-b9b200810b7d
87d2c20f-2dcb-4d0e-9b23-5e4716ae5026	2024-05-05 13:09:33.687	\N	2024-05-05 13:09:33.687	6	432000	b3ced671-c2fa-4642-a2b2-60a091d72bdd	e1eef963-5581-4fcf-9d50-dc32bb85c30e
c17a4c1f-4eb6-4e72-a682-23317a222deb	2024-05-05 13:09:33.689	\N	2024-05-05 13:09:33.689	4	372000	b3ced671-c2fa-4642-a2b2-60a091d72bdd	8a49f09f-54fd-4da0-a3c5-abe764d73379
3f75cff3-1800-45b7-beb4-dc50b5d9b580	2024-05-05 13:09:33.691	\N	2024-05-05 13:09:33.691	2	106000	b3ced671-c2fa-4642-a2b2-60a091d72bdd	19a41797-c72c-451c-9785-741aac9fa7d1
14c06924-2bde-4730-a566-a693332b09ae	2024-05-05 13:09:33.692	\N	2024-05-05 13:09:33.692	8	360000	b3ced671-c2fa-4642-a2b2-60a091d72bdd	8e741e1b-a0ea-47c7-b023-c07d05a059bc
28d72145-ec2d-4cf7-bc75-1ece4b97ed01	2024-05-05 13:09:33.694	\N	2024-05-05 13:09:33.694	10	750000	b3ced671-c2fa-4642-a2b2-60a091d72bdd	c739102b-cdcf-42a3-9ece-a881c7c59da7
651e3a48-99bd-4f27-89e2-d90191d7aad9	2024-05-05 13:09:33.695	\N	2024-05-05 13:09:33.695	4	24000	b3ced671-c2fa-4642-a2b2-60a091d72bdd	298ed806-fe52-4e4d-a204-eee0ee5cdff3
4831ebd9-4f21-48fc-8067-39b36d3b96a5	2024-05-05 13:09:33.696	\N	2024-05-05 13:09:33.696	2	166000	b3ced671-c2fa-4642-a2b2-60a091d72bdd	79b7a9bc-4da4-4ea8-ad1c-23b2c1da6dda
a0a0dd05-940a-4e89-b0ba-290ab811bd32	2024-05-05 13:09:33.698	\N	2024-05-05 13:09:33.698	7	175000	b3ced671-c2fa-4642-a2b2-60a091d72bdd	e0ea798b-4742-4356-8963-556844884456
57db2949-5ced-4cfa-a996-66459be180a4	2024-05-05 13:09:33.704	\N	2024-05-05 13:09:33.704	2	70000	ac2e7b73-a85d-47e4-ad3e-5d9d9708fdb8	cce8a1af-1b51-498d-8628-5c1dd246b7a9
07cbce51-e206-41d9-81c6-2654cd0e2d4e	2024-05-05 13:09:33.706	\N	2024-05-05 13:09:33.706	5	450000	ac2e7b73-a85d-47e4-ad3e-5d9d9708fdb8	cc43d50d-a1ff-4de0-8d42-565b1eef1112
31cae171-dc3b-470d-b3a2-7fb379bdcb23	2024-05-05 13:09:33.708	\N	2024-05-05 13:09:33.708	9	873000	ac2e7b73-a85d-47e4-ad3e-5d9d9708fdb8	a7865505-77d3-47c4-b539-f3f11a1cbcdb
399d75c3-9593-4981-a3d1-afbc878fd261	2024-05-05 13:09:33.71	\N	2024-05-05 13:09:33.71	1	54000	ac2e7b73-a85d-47e4-ad3e-5d9d9708fdb8	7fe07ecb-5ae5-4f8b-93cd-4e12361d1af9
c2d6492e-e8fa-48da-bf36-1cfbf3cfc715	2024-05-05 13:09:33.711	\N	2024-05-05 13:09:33.711	8	312000	ac2e7b73-a85d-47e4-ad3e-5d9d9708fdb8	2040124d-610a-4cd4-a8ea-be373dbdad2c
8cae7c2a-ae7a-4bc2-8cec-1a262c098e78	2024-05-05 13:09:33.713	\N	2024-05-05 13:09:33.713	3	150000	ac2e7b73-a85d-47e4-ad3e-5d9d9708fdb8	befe927d-cd0b-4969-9b6e-13681b506a5c
aab35641-cdfc-4549-bda2-e3380fbfd3ac	2024-05-05 13:09:33.715	\N	2024-05-05 13:09:33.715	9	477000	ac2e7b73-a85d-47e4-ad3e-5d9d9708fdb8	7a8778c6-9388-4f86-b1e4-0269dabe6853
9ada845a-5ff5-4af2-af0c-1dfa89fbec77	2024-05-05 13:09:33.716	\N	2024-05-05 13:09:33.716	2	18000	ac2e7b73-a85d-47e4-ad3e-5d9d9708fdb8	65285291-7fde-46d4-afd5-c6acfd7740eb
d3d14427-1011-4de6-a93e-dfd5f9d662b2	2024-05-05 13:09:33.718	\N	2024-05-05 13:09:33.718	4	316000	ac2e7b73-a85d-47e4-ad3e-5d9d9708fdb8	b6aa61a9-8787-4be7-8c52-392f736cea89
cf4cd5f2-17df-4cd9-8c31-cbb010212a3e	2024-05-05 13:09:33.719	\N	2024-05-05 13:09:33.719	10	780000	ac2e7b73-a85d-47e4-ad3e-5d9d9708fdb8	ca1cb637-dcea-41bf-8ee5-bced91475c63
cfd1c776-0394-4bfc-b88d-5390ec7bfd27	2024-05-05 13:09:33.721	\N	2024-05-05 13:09:33.721	10	660000	ac2e7b73-a85d-47e4-ad3e-5d9d9708fdb8	310859d9-dbf6-43f8-98e1-b60c71ab9597
9fefcb5c-5e33-4325-8c50-07fab5d0d2c1	2024-05-05 13:09:33.722	\N	2024-05-05 13:09:33.722	4	92000	ac2e7b73-a85d-47e4-ad3e-5d9d9708fdb8	b209fee0-f387-4962-b77b-669201962d72
2aa71f44-f612-4483-bad0-096cfae13e4c	2024-05-05 13:09:33.723	\N	2024-05-05 13:09:33.723	10	250000	ac2e7b73-a85d-47e4-ad3e-5d9d9708fdb8	b29e8c49-2fb2-4300-9158-d80f9ad6df3c
b0c397b4-f52c-4b96-828d-cc30a8ee3d78	2024-05-05 13:09:33.725	\N	2024-05-05 13:09:33.725	6	390000	ac2e7b73-a85d-47e4-ad3e-5d9d9708fdb8	7db58031-6eee-4160-b63c-f9d9778b19c7
6897d5b7-db31-403f-8a7c-d756bfd380f9	2024-05-05 13:09:33.726	\N	2024-05-05 13:09:33.726	3	237000	ac2e7b73-a85d-47e4-ad3e-5d9d9708fdb8	209e376b-7881-497f-9703-8a3261ea0628
\.


--
-- Data for Name: orders; Type: TABLE DATA; Schema: public; Owner: postgres
--

COPY public.orders (id, created_date, deleted_date, updated_date, completed_at, destination_address, order_at, user_id) FROM stdin;
86cdd950-f58d-4aca-9a43-9d294e45a71c	2024-05-05 13:09:32.499	\N	2024-05-05 13:09:32.499	2024-05-05 13:09:32.498	qStzMVImvZ	2024-05-05 13:09:32.498	01a38120-80e2-4782-bdd2-03c457c9c60c
c135d492-ddc8-4b84-b0c5-a0a8df16bc3d	2024-05-05 13:09:32.626	\N	2024-05-05 13:09:32.626	2024-05-05 13:09:32.626	DQmxlvylOO	2024-05-05 13:09:32.626	01a38120-80e2-4782-bdd2-03c457c9c60c
68f22ac0-a126-40d8-9bfc-0578af78cd8d	2024-05-05 13:09:32.641	\N	2024-05-05 13:09:32.641	2024-05-05 13:09:32.64	qtAyzHkEXn	2024-05-05 13:09:32.64	01a38120-80e2-4782-bdd2-03c457c9c60c
32e11481-0da2-452a-b2de-bc9a982c671b	2024-05-05 13:09:32.66	\N	2024-05-05 13:09:32.66	2024-05-05 13:09:32.66	MaaHGWiadZ	2024-05-05 13:09:32.66	01a38120-80e2-4782-bdd2-03c457c9c60c
e2f82ca4-61bd-427c-bc0a-78a8ff57187f	2024-05-05 13:09:32.671	\N	2024-05-05 13:09:32.671	2024-05-05 13:09:32.671	GXFrnqkTkV	2024-05-05 13:09:32.671	01a38120-80e2-4782-bdd2-03c457c9c60c
9a43a767-bb07-413e-957c-a285a73f3cdb	2024-05-05 13:09:32.684	\N	2024-05-05 13:09:32.684	2024-05-05 13:09:32.684	swHgggkAxb	2024-05-05 13:09:32.684	01a38120-80e2-4782-bdd2-03c457c9c60c
9bfcbbe4-4c32-4374-8c95-0a17bc2a5f70	2024-05-05 13:09:32.703	\N	2024-05-05 13:09:32.703	2024-05-05 13:09:32.703	fGelkswIjh	2024-05-05 13:09:32.703	01a38120-80e2-4782-bdd2-03c457c9c60c
c4e2875d-4d2e-436e-94ee-8df75adcc4a5	2024-05-05 13:09:32.711	\N	2024-05-05 13:09:32.711	2024-05-05 13:09:32.71	LeYhLHqjxX	2024-05-05 13:09:32.71	01a38120-80e2-4782-bdd2-03c457c9c60c
c2e4ef33-5ab0-4203-8eb5-eeeabf2a5f8d	2024-05-05 13:09:32.744	\N	2024-05-05 13:09:32.744	2024-05-05 13:09:32.744	CJSySPtmFA	2024-05-05 13:09:32.744	01a38120-80e2-4782-bdd2-03c457c9c60c
6bf28bbf-f396-461b-a3ba-06f4f6e112ad	2024-05-05 13:09:32.751	\N	2024-05-05 13:09:32.751	2024-05-05 13:09:32.75	QWyeIhKZak	2024-05-05 13:09:32.75	cd3b93e1-9eb8-4763-8b67-8a9369d1673a
d42a606b-f2b3-42ef-bcff-da6a76e78777	2024-05-05 13:09:32.757	\N	2024-05-05 13:09:32.757	2024-05-05 13:09:32.757	NWYdlhkBMZ	2024-05-05 13:09:32.757	cd3b93e1-9eb8-4763-8b67-8a9369d1673a
73a9f30c-7711-4cd3-b4bc-2ea5130c6259	2024-05-05 13:09:32.782	\N	2024-05-05 13:09:32.782	2024-05-05 13:09:32.781	jPQLxKnJnG	2024-05-05 13:09:32.781	dbbc93e2-2da4-4037-965c-d2ff4896c5ec
bd7efb67-bf2c-492f-ac26-53e1e49f3f7f	2024-05-05 13:09:32.796	\N	2024-05-05 13:09:32.796	2024-05-05 13:09:32.796	wojIhkNzPx	2024-05-05 13:09:32.796	dbbc93e2-2da4-4037-965c-d2ff4896c5ec
2cd21b86-bf17-461e-b08e-315126af1ea6	2024-05-05 13:09:32.842	\N	2024-05-05 13:09:32.842	2024-05-05 13:09:32.842	gtqjrckqBt	2024-05-05 13:09:32.842	dbbc93e2-2da4-4037-965c-d2ff4896c5ec
1343cc27-8817-4435-914f-dd2dc832af0c	2024-05-05 13:09:32.858	\N	2024-05-05 13:09:32.858	2024-05-05 13:09:32.858	ZylcQFonjb	2024-05-05 13:09:32.858	dbbc93e2-2da4-4037-965c-d2ff4896c5ec
ef596328-4aed-4c34-8dc4-b1182d43623a	2024-05-05 13:09:32.867	\N	2024-05-05 13:09:32.867	2024-05-05 13:09:32.867	yPvULXQBPt	2024-05-05 13:09:32.867	dbbc93e2-2da4-4037-965c-d2ff4896c5ec
6045ceb8-090a-47c4-a010-28f8b67fb104	2024-05-05 13:09:32.911	\N	2024-05-05 13:09:32.911	2024-05-05 13:09:32.911	ebuyAUpIny	2024-05-05 13:09:32.911	dbbc93e2-2da4-4037-965c-d2ff4896c5ec
87c1956e-57e2-416a-80c1-087d76b6b808	2024-05-05 13:09:32.943	\N	2024-05-05 13:09:32.943	2024-05-05 13:09:32.943	XDdZMeNUzz	2024-05-05 13:09:32.943	dbbc93e2-2da4-4037-965c-d2ff4896c5ec
140f9c96-d099-4070-9454-8d7ec5eab6fc	2024-05-05 13:09:32.949	\N	2024-05-05 13:09:32.949	2024-05-05 13:09:32.949	kfCVFrQjvk	2024-05-05 13:09:32.949	dbbc93e2-2da4-4037-965c-d2ff4896c5ec
69d14ee0-6138-4fec-92bf-0418dcd074f1	2024-05-05 13:09:32.969	\N	2024-05-05 13:09:32.969	2024-05-05 13:09:32.969	MvTqPZhdgZ	2024-05-05 13:09:32.969	dbbc93e2-2da4-4037-965c-d2ff4896c5ec
141543c1-6745-4962-b0ac-4888c665c2f5	2024-05-05 13:09:32.995	\N	2024-05-05 13:09:32.995	2024-05-05 13:09:32.995	vmdmUcfedk	2024-05-05 13:09:32.995	dbbc93e2-2da4-4037-965c-d2ff4896c5ec
881c4509-8e54-4763-b6bc-ef3a0918d8b6	2024-05-05 13:09:33.014	\N	2024-05-05 13:09:33.014	2024-05-05 13:09:33.014	xWOdAFgfiu	2024-05-05 13:09:33.014	b0c16f63-e255-40de-bd90-90e171475b2e
c2de0a9f-f266-4508-aaf5-ba4059d79a88	2024-05-05 13:09:33.028	\N	2024-05-05 13:09:33.028	2024-05-05 13:09:33.028	bUPMyTzPgm	2024-05-05 13:09:33.028	b0c16f63-e255-40de-bd90-90e171475b2e
d1679f48-4dc3-4932-9b08-6dce7b30a921	2024-05-05 13:09:33.046	\N	2024-05-05 13:09:33.046	2024-05-05 13:09:33.046	ULTbwymvLT	2024-05-05 13:09:33.046	43dc3c9d-1ca3-4b59-aa41-462123180918
b6091648-85a0-4c93-b824-b79b7724790a	2024-05-05 13:09:33.056	\N	2024-05-05 13:09:33.056	2024-05-05 13:09:33.056	CIWRwDavrv	2024-05-05 13:09:33.056	43dc3c9d-1ca3-4b59-aa41-462123180918
45909f82-c439-4bb4-9c05-f217bbb8fa13	2024-05-05 13:09:33.073	\N	2024-05-05 13:09:33.073	2024-05-05 13:09:33.073	HRVZCkrUnw	2024-05-05 13:09:33.073	53f522e8-9e75-490d-83ce-5a237d54ad04
97b5f130-6465-4de6-a782-4f282d1ce3f7	2024-05-05 13:09:33.099	\N	2024-05-05 13:09:33.099	2024-05-05 13:09:33.098	fUYmFAjhnP	2024-05-05 13:09:33.098	53f522e8-9e75-490d-83ce-5a237d54ad04
385945fb-a7e4-45b2-8f02-35b274b89a4e	2024-05-05 13:09:33.191	\N	2024-05-05 13:09:33.191	2024-05-05 13:09:33.19	HVKGiqiEmj	2024-05-05 13:09:33.19	53f522e8-9e75-490d-83ce-5a237d54ad04
6ed597a3-7ffc-4f04-9a11-8b4c3c5bf128	2024-05-05 13:09:33.201	\N	2024-05-05 13:09:33.201	2024-05-05 13:09:33.201	IYIXfacMus	2024-05-05 13:09:33.201	53f522e8-9e75-490d-83ce-5a237d54ad04
4b9b5344-4713-4adb-91de-304487dae898	2024-05-05 13:09:33.21	\N	2024-05-05 13:09:33.21	2024-05-05 13:09:33.209	LopyipQjBW	2024-05-05 13:09:33.209	53f522e8-9e75-490d-83ce-5a237d54ad04
ed2fe77f-5f93-409c-ac6a-8c575988e8de	2024-05-05 13:09:33.235	\N	2024-05-05 13:09:33.235	2024-05-05 13:09:33.235	IySKKFQDpZ	2024-05-05 13:09:33.235	53f522e8-9e75-490d-83ce-5a237d54ad04
30cd249d-cbe1-4c24-a3e9-f372230ff931	2024-05-05 13:09:33.241	\N	2024-05-05 13:09:33.241	2024-05-05 13:09:33.241	pASOuTqXCF	2024-05-05 13:09:33.241	53f522e8-9e75-490d-83ce-5a237d54ad04
53d4b997-1cd0-4dbf-a91d-ba1c63f08c33	2024-05-05 13:09:33.274	\N	2024-05-05 13:09:33.274	2024-05-05 13:09:33.274	vgcMQYsLPH	2024-05-05 13:09:33.274	53f522e8-9e75-490d-83ce-5a237d54ad04
e16e3d69-e0a2-4f50-97eb-e7f7abc89728	2024-05-05 13:09:33.302	\N	2024-05-05 13:09:33.302	2024-05-05 13:09:33.302	mQmHCNKoDC	2024-05-05 13:09:33.302	f1faaf5f-6799-4a94-82bd-fc94baa8978f
f4af2876-a978-43d0-afc1-e2b0b99e6683	2024-05-05 13:09:33.314	\N	2024-05-05 13:09:33.314	2024-05-05 13:09:33.314	EBzrcAqjre	2024-05-05 13:09:33.314	f1faaf5f-6799-4a94-82bd-fc94baa8978f
ef29dd43-897f-4301-9f4a-d096f65be969	2024-05-05 13:09:33.325	\N	2024-05-05 13:09:33.325	2024-05-05 13:09:33.325	YnZLTlERhj	2024-05-05 13:09:33.325	4e4da1af-888c-41a7-b04f-971f3d60aace
43443a2d-87de-4763-8c1b-76b8d0463713	2024-05-05 13:09:33.335	\N	2024-05-05 13:09:33.335	2024-05-05 13:09:33.335	EnwlsREsRP	2024-05-05 13:09:33.335	4e4da1af-888c-41a7-b04f-971f3d60aace
67f5229c-7f30-4528-9227-bd3539ed75d8	2024-05-05 13:09:33.349	\N	2024-05-05 13:09:33.349	2024-05-05 13:09:33.348	ZfPvYzTZnD	2024-05-05 13:09:33.348	775be91e-6cf6-4438-a556-4d796ccdb7c8
4aae2941-b836-4007-816c-9c02c919a865	2024-05-05 13:09:33.359	\N	2024-05-05 13:09:33.359	2024-05-05 13:09:33.359	jqIrNnKnhi	2024-05-05 13:09:33.359	775be91e-6cf6-4438-a556-4d796ccdb7c8
b9b5a2ca-e954-4b4a-b64f-412967e7e972	2024-05-05 13:09:33.366	\N	2024-05-05 13:09:33.366	2024-05-05 13:09:33.366	ygFAdUifZk	2024-05-05 13:09:33.366	775be91e-6cf6-4438-a556-4d796ccdb7c8
d9869e96-deb7-4da5-9497-e39e55b2d199	2024-05-05 13:09:33.373	\N	2024-05-05 13:09:33.373	2024-05-05 13:09:33.373	ODHUBntXkx	2024-05-05 13:09:33.373	775be91e-6cf6-4438-a556-4d796ccdb7c8
aad8a8e3-23b5-4cfb-a87f-e16b74ae54e1	2024-05-05 13:09:33.404	\N	2024-05-05 13:09:33.404	2024-05-05 13:09:33.404	TrlHiIiMvU	2024-05-05 13:09:33.404	775be91e-6cf6-4438-a556-4d796ccdb7c8
0dfcbdac-71aa-4fb5-8a90-6820f8b54412	2024-05-05 13:09:33.432	\N	2024-05-05 13:09:33.432	2024-05-05 13:09:33.432	RhaWYYhUjn	2024-05-05 13:09:33.432	775be91e-6cf6-4438-a556-4d796ccdb7c8
8656eaf2-ab10-44a7-8c90-e5603584e6cc	2024-05-05 13:09:33.469	\N	2024-05-05 13:09:33.469	2024-05-05 13:09:33.469	JYPBUQDUuw	2024-05-05 13:09:33.469	775be91e-6cf6-4438-a556-4d796ccdb7c8
7e86d2c2-1276-4661-adcf-068c486e97a3	2024-05-05 13:09:33.521	\N	2024-05-05 13:09:33.521	2024-05-05 13:09:33.521	HTgxkackZy	2024-05-05 13:09:33.521	4665a816-0efb-4311-8a86-f57849f4992c
153725a5-e2c1-47d9-bf1c-6c68faa27019	2024-05-05 13:09:33.549	\N	2024-05-05 13:09:33.549	2024-05-05 13:09:33.548	LxdMLgDdEP	2024-05-05 13:09:33.548	4665a816-0efb-4311-8a86-f57849f4992c
0b186e7b-795e-4c94-b75f-1dca2e985b00	2024-05-05 13:09:33.584	\N	2024-05-05 13:09:33.584	2024-05-05 13:09:33.584	wjIDDHSEYp	2024-05-05 13:09:33.584	4665a816-0efb-4311-8a86-f57849f4992c
f4594fe6-4e30-42ea-910e-56fff7acbb00	2024-05-05 13:09:33.62	\N	2024-05-05 13:09:33.62	2024-05-05 13:09:33.62	fDYepISWBr	2024-05-05 13:09:33.62	4665a816-0efb-4311-8a86-f57849f4992c
b8de4fe5-3e6f-4d76-b902-905d1cb7f407	2024-05-05 13:09:33.651	\N	2024-05-05 13:09:33.651	2024-05-05 13:09:33.651	IBQppSKLhH	2024-05-05 13:09:33.651	4665a816-0efb-4311-8a86-f57849f4992c
b3ced671-c2fa-4642-a2b2-60a091d72bdd	2024-05-05 13:09:33.676	\N	2024-05-05 13:09:33.676	2024-05-05 13:09:33.676	hfJqikoMlW	2024-05-05 13:09:33.676	4665a816-0efb-4311-8a86-f57849f4992c
ac2e7b73-a85d-47e4-ad3e-5d9d9708fdb8	2024-05-05 13:09:33.699	\N	2024-05-05 13:09:33.699	2024-05-05 13:09:33.699	bgYFuaMyLu	2024-05-05 13:09:33.699	4665a816-0efb-4311-8a86-f57849f4992c
\.


--
-- Data for Name: products; Type: TABLE DATA; Schema: public; Owner: postgres
--

COPY public.products (id, created_date, deleted_date, updated_date, name, price, merchant_id) FROM stdin;
827c1ab7-04fb-410d-960d-1c9084f25ba4	2024-05-05 13:09:32.341	\N	2024-05-05 13:09:32.341	Product Tr9WFb8sCx	35000	6c347dd8-3db7-4efb-aac6-a9113f2ca2b4
0e942dc3-6107-4fe2-888c-58f5ce9258b9	2024-05-05 13:09:32.348	\N	2024-05-05 13:09:32.348	Product GgmHIG2Iw4	95000	6c347dd8-3db7-4efb-aac6-a9113f2ca2b4
4d00d0a1-a840-4bf2-bcd0-980be369467b	2024-05-05 13:09:32.351	\N	2024-05-05 13:09:32.351	Product 39ERYteBdH	32000	6c347dd8-3db7-4efb-aac6-a9113f2ca2b4
489bdbef-3e8e-40f7-a744-5bc655bd8cd7	2024-05-05 13:09:32.352	\N	2024-05-05 13:09:32.352	Product jJ2O8jtKrc	83000	6c347dd8-3db7-4efb-aac6-a9113f2ca2b4
07e22c42-d164-4c39-86a6-28aa32459aec	2024-05-05 13:09:32.355	\N	2024-05-05 13:09:32.355	Product FjsEKDLouA	38000	6c347dd8-3db7-4efb-aac6-a9113f2ca2b4
dd48b41f-ba84-4fe1-b9e7-c53f505ca5c0	2024-05-05 13:09:32.357	\N	2024-05-05 13:09:32.357	Product bfbnJp32YF	17000	6c347dd8-3db7-4efb-aac6-a9113f2ca2b4
a4cd2967-c039-4dca-900a-233353487ac2	2024-05-05 13:09:32.359	\N	2024-05-05 13:09:32.359	Product HcdyIuVyzT	40000	6c347dd8-3db7-4efb-aac6-a9113f2ca2b4
bc371a9b-c5bf-4c2b-96db-9b11a2ef5553	2024-05-05 13:09:32.361	\N	2024-05-05 13:09:32.361	Product ZvbUTF2C6o	72000	6c347dd8-3db7-4efb-aac6-a9113f2ca2b4
25b1dead-7d0e-42fe-a629-f823d774b22e	2024-05-05 13:09:32.363	\N	2024-05-05 13:09:32.363	Product Z46OnNePhR	46000	6c347dd8-3db7-4efb-aac6-a9113f2ca2b4
5dc9b47e-3c6e-453f-a7fe-a723d96f8959	2024-05-05 13:09:32.365	\N	2024-05-05 13:09:32.365	Product w20fmHHcKJ	26000	6c347dd8-3db7-4efb-aac6-a9113f2ca2b4
845b3ce6-4b68-45c5-b757-fc49253035fe	2024-05-05 13:09:32.367	\N	2024-05-05 13:09:32.367	Product roe07VGOPR	17000	6c347dd8-3db7-4efb-aac6-a9113f2ca2b4
be277426-8bc8-467c-b787-a95d0b42a13a	2024-05-05 13:09:32.369	\N	2024-05-05 13:09:32.369	Product X4HUw3q7og	52000	3e7711c8-5bdb-4b18-b3a5-c789aa8f1a94
952956b3-4391-48ff-9953-8854b4519611	2024-05-05 13:09:32.371	\N	2024-05-05 13:09:32.371	Product EfjkvNhZiq	17000	3e7711c8-5bdb-4b18-b3a5-c789aa8f1a94
ada8b50c-389c-4ff5-a491-8dc1920e8ffe	2024-05-05 13:09:32.374	\N	2024-05-05 13:09:32.374	Product tgnYgUKzrM	85000	3e7711c8-5bdb-4b18-b3a5-c789aa8f1a94
996f645c-84d6-482d-97cd-314dfcc0ebe9	2024-05-05 13:09:32.376	\N	2024-05-05 13:09:32.376	Product BX6ULylsuW	94000	3e7711c8-5bdb-4b18-b3a5-c789aa8f1a94
8d245bd9-4f4a-49cb-9975-612f8c449e76	2024-05-05 13:09:32.378	\N	2024-05-05 13:09:32.378	Product F6WApqf0y3	5000	3e7711c8-5bdb-4b18-b3a5-c789aa8f1a94
cd6a13a7-1f21-4970-a505-99c84be40869	2024-05-05 13:09:32.38	\N	2024-05-05 13:09:32.38	Product PHu5TEZFeJ	86000	3e7711c8-5bdb-4b18-b3a5-c789aa8f1a94
a79e0965-5d77-4717-b153-1cd1978cf926	2024-05-05 13:09:32.383	\N	2024-05-05 13:09:32.383	Product myUFUoQO8V	75000	3e7711c8-5bdb-4b18-b3a5-c789aa8f1a94
1161bb6a-ffee-4f64-8851-73976d01684c	2024-05-05 13:09:32.385	\N	2024-05-05 13:09:32.385	Product E7yY9gTakw	7000	3e7711c8-5bdb-4b18-b3a5-c789aa8f1a94
cbc0f619-105b-47e2-a67a-4c73236568ee	2024-05-05 13:09:32.387	\N	2024-05-05 13:09:32.387	Product CUg4lOjbod	67000	3e7711c8-5bdb-4b18-b3a5-c789aa8f1a94
5de1dd90-53e5-430b-8172-008bfb3b1a44	2024-05-05 13:09:32.388	\N	2024-05-05 13:09:32.388	Product QLkuW93pNA	34000	3e7711c8-5bdb-4b18-b3a5-c789aa8f1a94
27666821-82a6-4aa7-9908-ab0a956f2300	2024-05-05 13:09:32.391	\N	2024-05-05 13:09:32.391	Product UAZ0qmAEIg	66000	3e7711c8-5bdb-4b18-b3a5-c789aa8f1a94
89fa4638-3b48-461d-9a29-b3667324de9d	2024-05-05 13:09:32.393	\N	2024-05-05 13:09:32.393	Product cgHJrVYpY7	9000	3e7711c8-5bdb-4b18-b3a5-c789aa8f1a94
57c04724-0fab-4cac-8d2a-600e69de5ebf	2024-05-05 13:09:32.395	\N	2024-05-05 13:09:32.395	Product v6sFbrKOZO	78000	3e7711c8-5bdb-4b18-b3a5-c789aa8f1a94
e44cc9f0-3ed2-476a-a785-69f6af784561	2024-05-05 13:09:32.397	\N	2024-05-05 13:09:32.397	Product RK0kLE3Ofk	34000	3e7711c8-5bdb-4b18-b3a5-c789aa8f1a94
2b31794c-43cb-4155-a5bc-6b0f412ff7ff	2024-05-05 13:09:32.399	\N	2024-05-05 13:09:32.399	Product ifbMpV32Es	29000	3e7711c8-5bdb-4b18-b3a5-c789aa8f1a94
2a2b571f-4d01-48c2-a4eb-300feb5a36aa	2024-05-05 13:09:32.401	\N	2024-05-05 13:09:32.401	Product F3YQw4Uuc8	68000	3e7711c8-5bdb-4b18-b3a5-c789aa8f1a94
fc49ae60-7d08-4df6-9213-ac067778aae7	2024-05-05 13:09:32.402	\N	2024-05-05 13:09:32.402	Product cPJaltotxg	23000	3e7711c8-5bdb-4b18-b3a5-c789aa8f1a94
258c9f83-3ecb-4c10-931d-a4936e10447c	2024-05-05 13:09:32.405	\N	2024-05-05 13:09:32.405	Product MVlj0WSLKq	91000	3e7711c8-5bdb-4b18-b3a5-c789aa8f1a94
61c50db0-0bb0-45d7-85a0-fa6d3ce901e1	2024-05-05 13:09:32.407	\N	2024-05-05 13:09:32.407	Product rvPvBdk3aW	16000	3e7711c8-5bdb-4b18-b3a5-c789aa8f1a94
de8d4a9e-c49c-4cdb-a782-de0a51072002	2024-05-05 13:09:32.409	\N	2024-05-05 13:09:32.409	Product NJZ0bmCIdj	87000	3e7711c8-5bdb-4b18-b3a5-c789aa8f1a94
cce8a1af-1b51-498d-8628-5c1dd246b7a9	2024-05-05 13:09:32.411	\N	2024-05-05 13:09:32.411	Product OUbo5p5Idg	35000	12c9ad05-8620-4f0e-8b07-ae5565f54f57
cc43d50d-a1ff-4de0-8d42-565b1eef1112	2024-05-05 13:09:32.413	\N	2024-05-05 13:09:32.413	Product 83j01KSXOb	90000	12c9ad05-8620-4f0e-8b07-ae5565f54f57
a7865505-77d3-47c4-b539-f3f11a1cbcdb	2024-05-05 13:09:32.414	\N	2024-05-05 13:09:32.414	Product zvPyc1um3K	97000	12c9ad05-8620-4f0e-8b07-ae5565f54f57
7fe07ecb-5ae5-4f8b-93cd-4e12361d1af9	2024-05-05 13:09:32.416	\N	2024-05-05 13:09:32.416	Product mAhEU33i87	54000	12c9ad05-8620-4f0e-8b07-ae5565f54f57
2040124d-610a-4cd4-a8ea-be373dbdad2c	2024-05-05 13:09:32.418	\N	2024-05-05 13:09:32.418	Product vESjgQ7odR	39000	12c9ad05-8620-4f0e-8b07-ae5565f54f57
befe927d-cd0b-4969-9b6e-13681b506a5c	2024-05-05 13:09:32.42	\N	2024-05-05 13:09:32.42	Product is5fhmYjZK	50000	12c9ad05-8620-4f0e-8b07-ae5565f54f57
7a8778c6-9388-4f86-b1e4-0269dabe6853	2024-05-05 13:09:32.422	\N	2024-05-05 13:09:32.422	Product WRpnATJSmr	53000	12c9ad05-8620-4f0e-8b07-ae5565f54f57
65285291-7fde-46d4-afd5-c6acfd7740eb	2024-05-05 13:09:32.424	\N	2024-05-05 13:09:32.424	Product rSKqWDaDcu	9000	12c9ad05-8620-4f0e-8b07-ae5565f54f57
b6aa61a9-8787-4be7-8c52-392f736cea89	2024-05-05 13:09:32.425	\N	2024-05-05 13:09:32.425	Product bmrpnob20C	79000	12c9ad05-8620-4f0e-8b07-ae5565f54f57
ca1cb637-dcea-41bf-8ee5-bced91475c63	2024-05-05 13:09:32.427	\N	2024-05-05 13:09:32.427	Product wpoX5BF0qs	78000	12c9ad05-8620-4f0e-8b07-ae5565f54f57
310859d9-dbf6-43f8-98e1-b60c71ab9597	2024-05-05 13:09:32.429	\N	2024-05-05 13:09:32.429	Product iWmPXy3DAB	66000	12c9ad05-8620-4f0e-8b07-ae5565f54f57
b209fee0-f387-4962-b77b-669201962d72	2024-05-05 13:09:32.431	\N	2024-05-05 13:09:32.431	Product 8qlBSpPiXM	23000	12c9ad05-8620-4f0e-8b07-ae5565f54f57
b29e8c49-2fb2-4300-9158-d80f9ad6df3c	2024-05-05 13:09:32.433	\N	2024-05-05 13:09:32.433	Product DCoMs5uuz3	25000	12c9ad05-8620-4f0e-8b07-ae5565f54f57
7db58031-6eee-4160-b63c-f9d9778b19c7	2024-05-05 13:09:32.435	\N	2024-05-05 13:09:32.435	Product MWRFWcm6J0	65000	12c9ad05-8620-4f0e-8b07-ae5565f54f57
209e376b-7881-497f-9703-8a3261ea0628	2024-05-05 13:09:32.436	\N	2024-05-05 13:09:32.436	Product 4ZizGwsJQa	79000	12c9ad05-8620-4f0e-8b07-ae5565f54f57
7fae4100-835a-4193-bdd3-2187fc37d7b1	2024-05-05 13:09:32.438	\N	2024-05-05 13:09:32.438	Product aCEqX7LgeL	54000	12c9ad05-8620-4f0e-8b07-ae5565f54f57
6af9f751-1646-435f-8b84-1e7cc010ba3e	2024-05-05 13:09:32.44	\N	2024-05-05 13:09:32.44	Product HODmqC0yy3	15000	12c9ad05-8620-4f0e-8b07-ae5565f54f57
82e5c354-9927-46e3-87e6-a27e11c8fc7d	2024-05-05 13:09:32.442	\N	2024-05-05 13:09:32.442	Product u3CkNkX1Fk	98000	12c9ad05-8620-4f0e-8b07-ae5565f54f57
465265c7-7e65-4951-837f-159455b32906	2024-05-05 13:09:32.444	\N	2024-05-05 13:09:32.444	Product tEI8n2F39q	12000	4c5eff86-b9a9-40a5-87fb-beaff3df74d4
fc47db5c-9685-4598-a846-71d04026210e	2024-05-05 13:09:32.446	\N	2024-05-05 13:09:32.446	Product fmyFhM5PEi	35000	4c5eff86-b9a9-40a5-87fb-beaff3df74d4
fa22346f-fcdc-42e4-9840-e050137ca5f4	2024-05-05 13:09:32.448	\N	2024-05-05 13:09:32.448	Product rSjeJcFInN	94000	4c5eff86-b9a9-40a5-87fb-beaff3df74d4
b97a1722-3f01-46d1-b103-82d4bc622b90	2024-05-05 13:09:32.45	\N	2024-05-05 13:09:32.45	Product 1q1UWZyjfl	61000	4c5eff86-b9a9-40a5-87fb-beaff3df74d4
b0a4fff2-761f-4abf-b840-17b53be4d5d9	2024-05-05 13:09:32.451	\N	2024-05-05 13:09:32.451	Product FQSS1hxcAM	69000	4c5eff86-b9a9-40a5-87fb-beaff3df74d4
5472ef33-a1c3-4ab6-99dc-fa956920f724	2024-05-05 13:09:32.453	\N	2024-05-05 13:09:32.453	Product eB3yYAF119	30000	016b6ec1-d771-42aa-a0be-303428038538
5444ef4c-48b6-486f-b2c8-51484af12069	2024-05-05 13:09:32.455	\N	2024-05-05 13:09:32.455	Product Gc8ZoLFsi1	62000	016b6ec1-d771-42aa-a0be-303428038538
f949bb74-c1bc-48e2-8614-61f974e9d9fc	2024-05-05 13:09:32.458	\N	2024-05-05 13:09:32.458	Product 18aIn0RKyk	86000	016b6ec1-d771-42aa-a0be-303428038538
36cf5c05-4ffe-43c7-972c-b9b200810b7d	2024-05-05 13:09:32.46	\N	2024-05-05 13:09:32.46	Product QNeijc7gJ0	19000	016b6ec1-d771-42aa-a0be-303428038538
e1eef963-5581-4fcf-9d50-dc32bb85c30e	2024-05-05 13:09:32.463	\N	2024-05-05 13:09:32.463	Product Mhh9cBitG5	72000	016b6ec1-d771-42aa-a0be-303428038538
8a49f09f-54fd-4da0-a3c5-abe764d73379	2024-05-05 13:09:32.465	\N	2024-05-05 13:09:32.465	Product XKnGF6PKpV	93000	016b6ec1-d771-42aa-a0be-303428038538
19a41797-c72c-451c-9785-741aac9fa7d1	2024-05-05 13:09:32.467	\N	2024-05-05 13:09:32.467	Product qOEz03ZZXE	53000	016b6ec1-d771-42aa-a0be-303428038538
8e741e1b-a0ea-47c7-b023-c07d05a059bc	2024-05-05 13:09:32.469	\N	2024-05-05 13:09:32.469	Product gjLL9yutwn	45000	016b6ec1-d771-42aa-a0be-303428038538
c739102b-cdcf-42a3-9ece-a881c7c59da7	2024-05-05 13:09:32.472	\N	2024-05-05 13:09:32.472	Product YuYnylAe3z	75000	016b6ec1-d771-42aa-a0be-303428038538
298ed806-fe52-4e4d-a204-eee0ee5cdff3	2024-05-05 13:09:32.474	\N	2024-05-05 13:09:32.474	Product 4sMoNflUyc	6000	016b6ec1-d771-42aa-a0be-303428038538
79b7a9bc-4da4-4ea8-ad1c-23b2c1da6dda	2024-05-05 13:09:32.477	\N	2024-05-05 13:09:32.477	Product VMlE1x12cE	83000	016b6ec1-d771-42aa-a0be-303428038538
e0ea798b-4742-4356-8963-556844884456	2024-05-05 13:09:32.48	\N	2024-05-05 13:09:32.48	Product HlHaSsoxGb	25000	016b6ec1-d771-42aa-a0be-303428038538
c72e5106-33b5-432b-891a-8a83a6be8212	2024-05-05 13:09:32.482	\N	2024-05-05 13:09:32.482	Product Ht5A23H9xP	73000	016b6ec1-d771-42aa-a0be-303428038538
79ee0550-3930-4bf3-a74e-ecc389699cb1	2024-05-05 13:09:32.484	\N	2024-05-05 13:09:32.484	Product VHcdqJMGDI	95000	016b6ec1-d771-42aa-a0be-303428038538
b2e98949-b6f4-47f3-91b6-fea146023be0	2024-05-05 13:09:32.486	\N	2024-05-05 13:09:32.486	Product 8s7YO5CMv5	100000	016b6ec1-d771-42aa-a0be-303428038538
0cf33bf5-29b9-4e5f-b27e-f2afef3c7979	2024-05-05 13:09:32.488	\N	2024-05-05 13:09:32.488	Product T2drpc4JWZ	26000	016b6ec1-d771-42aa-a0be-303428038538
840a7ade-0a64-4469-8f5d-0ea7a9050d4b	2024-05-05 13:09:32.49	\N	2024-05-05 13:09:32.49	Product 3YGqmuduFN	58000	016b6ec1-d771-42aa-a0be-303428038538
7df5ad2a-8df1-4aed-924d-7f9c46b41552	2024-05-05 13:09:32.492	\N	2024-05-05 13:09:32.492	Product 56U8Sj9lm4	83000	016b6ec1-d771-42aa-a0be-303428038538
c210e1bb-e762-4587-b4c3-88756fd2c6da	2024-05-05 13:09:32.494	\N	2024-05-05 13:09:32.494	Product rDED0HGjHC	88000	016b6ec1-d771-42aa-a0be-303428038538
e9c9dd68-ccff-4c48-b726-607b8a6f1285	2024-05-05 13:09:32.496	\N	2024-05-05 13:09:32.496	Product t66jIYszzm	15000	016b6ec1-d771-42aa-a0be-303428038538
\.


--
-- Data for Name: users; Type: TABLE DATA; Schema: public; Owner: postgres
--

COPY public.users (id, created_date, deleted_date, updated_date, email, password, token, username) FROM stdin;
01a38120-80e2-4782-bdd2-03c457c9c60c	2024-05-05 13:09:31.557	\N	2024-05-05 13:09:31.557	IOWIUALwgM@example.com	$2a$10$ivsQfAa5kgSym8UaS5NhPOhUJrFX9RQfunCn7i8kBGxavhK6KPCRu	02e30924-699c-408f-b132-d359e9afd358	PKRZyjCPLH
cd3b93e1-9eb8-4763-8b67-8a9369d1673a	2024-05-05 13:09:31.694	\N	2024-05-05 13:09:31.694	lhtNDnyWoY@example.com	$2a$10$zgH.2/wp1Pm2ZNSl2jTxHuqyCO.LYBlsA/aDeScL4fmIWCOD0brLu	784be816-7d98-424b-9925-72fc38971656	DRIAbWBFoW
dbbc93e2-2da4-4037-965c-d2ff4896c5ec	2024-05-05 13:09:31.774	\N	2024-05-05 13:09:31.774	YFiIGRWoHT@example.com	$2a$10$0mocXRmngWEjmdbL8kzFyOnN5GP3Rcr6/3dqidlIOgusV5NQt9kIe	b802c8a3-6745-405a-916b-e53c93991f99	ayZdbhOnpB
b0c16f63-e255-40de-bd90-90e171475b2e	2024-05-05 13:09:31.853	\N	2024-05-05 13:09:31.853	zEhWnRojQY@example.com	$2a$10$zv2Lu69NIXOrSe00l9Nqvu7Smm4EAEh55zcNBM/ENUB8imHM4WlAq	47d7813f-0b51-4a16-b4ff-c9a8bd48f9b0	LtWlWXSjja
43dc3c9d-1ca3-4b59-aa41-462123180918	2024-05-05 13:09:31.933	\N	2024-05-05 13:09:31.933	IAEichkWgh@example.com	$2a$10$zJSkeCoOUevakV1zxe7Tp.pJDg0QXd60iTac4KenCTTha6AC0nnSG	31bbfaa5-91a4-49e0-bb28-df4581c88f00	fwYTgdrbcG
53f522e8-9e75-490d-83ce-5a237d54ad04	2024-05-05 13:09:32.011	\N	2024-05-05 13:09:32.011	knplsUSaUk@example.com	$2a$10$BRBr.kCCdmRQtgo0uuy4DO3mT3/p2UE8SKljKWxtRxNtrZyzWEaPm	8966e194-d448-487d-8960-057446196983	ScyJNLLPRo
f1faaf5f-6799-4a94-82bd-fc94baa8978f	2024-05-05 13:09:32.091	\N	2024-05-05 13:09:32.091	nkwiZYPseK@example.com	$2a$10$Lioyf/1AhF3v5cdpeofSj.y04eZBV6XBXVKyefGkzeZz66uHkswH6	fe4e37de-768d-4a18-aecd-6377319918e6	bbcbkseHVV
4e4da1af-888c-41a7-b04f-971f3d60aace	2024-05-05 13:09:32.167	\N	2024-05-05 13:09:32.167	LUkSraqowT@example.com	$2a$10$d8s4nd4GXNIzGB7vRVxZ0u7Ucg4kSmjr03jEYEdJNK8hjHrnI06pG	8c5a974d-9f6c-4ba3-bbcc-3fc1ea13ab17	rjxDVvLZaA
775be91e-6cf6-4438-a556-4d796ccdb7c8	2024-05-05 13:09:32.243	\N	2024-05-05 13:09:32.243	CXCMVEquph@example.com	$2a$10$287LyDYG06PMzUMyRzet5ukRLzsnXbHj.6CnzfKv2zs1W/k6IlOCW	dbdeaba1-822f-4f48-a88a-9794ec6e8258	YxcdlfIgfz
4665a816-0efb-4311-8a86-f57849f4992c	2024-05-05 13:09:32.321	\N	2024-05-05 13:09:32.321	rSuXzpcClN@example.com	$2a$10$JM5BumG4rjDIKytWzrQ7KeM0BsqleukU4mP1138FYvriMRio7vv0q	5564c4fe-3f18-433d-8a5c-75e7bae02ba2	ZtkgpuwMan
\.


--
-- Name: merchants merchants_pkey; Type: CONSTRAINT; Schema: public; Owner: postgres
--

ALTER TABLE ONLY public.merchants
    ADD CONSTRAINT merchants_pkey PRIMARY KEY (id);


--
-- Name: order_details order_details_pkey; Type: CONSTRAINT; Schema: public; Owner: postgres
--

ALTER TABLE ONLY public.order_details
    ADD CONSTRAINT order_details_pkey PRIMARY KEY (id);


--
-- Name: orders orders_pkey; Type: CONSTRAINT; Schema: public; Owner: postgres
--

ALTER TABLE ONLY public.orders
    ADD CONSTRAINT orders_pkey PRIMARY KEY (id);


--
-- Name: products products_pkey; Type: CONSTRAINT; Schema: public; Owner: postgres
--

ALTER TABLE ONLY public.products
    ADD CONSTRAINT products_pkey PRIMARY KEY (id);


--
-- Name: users users_pkey; Type: CONSTRAINT; Schema: public; Owner: postgres
--

ALTER TABLE ONLY public.users
    ADD CONSTRAINT users_pkey PRIMARY KEY (id);


--
-- Name: orders fk32ql8ubntj5uh44ph9659tiih; Type: FK CONSTRAINT; Schema: public; Owner: postgres
--

ALTER TABLE ONLY public.orders
    ADD CONSTRAINT fk32ql8ubntj5uh44ph9659tiih FOREIGN KEY (user_id) REFERENCES public.users(id);


--
-- Name: order_details fk4q98utpd73imf4yhttm3w0eax; Type: FK CONSTRAINT; Schema: public; Owner: postgres
--

ALTER TABLE ONLY public.order_details
    ADD CONSTRAINT fk4q98utpd73imf4yhttm3w0eax FOREIGN KEY (product_id) REFERENCES public.products(id);


--
-- Name: order_details fkjyu2qbqt8gnvno9oe9j2s2ldk; Type: FK CONSTRAINT; Schema: public; Owner: postgres
--

ALTER TABLE ONLY public.order_details
    ADD CONSTRAINT fkjyu2qbqt8gnvno9oe9j2s2ldk FOREIGN KEY (order_id) REFERENCES public.orders(id);


--
-- Name: products fkt1yvv81v320ba41fq28k7had2; Type: FK CONSTRAINT; Schema: public; Owner: postgres
--

ALTER TABLE ONLY public.products
    ADD CONSTRAINT fkt1yvv81v320ba41fq28k7had2 FOREIGN KEY (merchant_id) REFERENCES public.merchants(id);


--
-- PostgreSQL database dump complete
--

--
-- Database "postgres" dump
--

--
-- PostgreSQL database dump
--

-- Dumped from database version 16.2 (Debian 16.2-1.pgdg120+2)
-- Dumped by pg_dump version 16.2 (Debian 16.2-1.pgdg120+2)

SET statement_timeout = 0;
SET lock_timeout = 0;
SET idle_in_transaction_session_timeout = 0;
SET client_encoding = 'UTF8';
SET standard_conforming_strings = on;
SELECT pg_catalog.set_config('search_path', '', false);
SET check_function_bodies = false;
SET xmloption = content;
SET client_min_messages = warning;
SET row_security = off;

DROP DATABASE postgres;
--
-- Name: postgres; Type: DATABASE; Schema: -; Owner: postgres
--

CREATE DATABASE postgres WITH TEMPLATE = template0 ENCODING = 'UTF8' LOCALE_PROVIDER = libc LOCALE = 'en_US.utf8';


ALTER DATABASE postgres OWNER TO postgres;

\connect postgres

SET statement_timeout = 0;
SET lock_timeout = 0;
SET idle_in_transaction_session_timeout = 0;
SET client_encoding = 'UTF8';
SET standard_conforming_strings = on;
SELECT pg_catalog.set_config('search_path', '', false);
SET check_function_bodies = false;
SET xmloption = content;
SET client_min_messages = warning;
SET row_security = off;

--
-- Name: DATABASE postgres; Type: COMMENT; Schema: -; Owner: postgres
--

COMMENT ON DATABASE postgres IS 'default administrative connection database';


--
-- PostgreSQL database dump complete
--

--
-- PostgreSQL database cluster dump complete
--

